,date,team,opponent,B365T,B365D,B365O
0,2021-08-13,Brentford,Arsenal,4.0,3.4,1.95
1,2021-08-14,Man United,Leeds,1.53,4.5,5.75
2,2021-08-14,Burnley,Brighton,3.1,3.1,2.45
3,2021-08-14,Chelsea,Crystal Palace,1.25,5.75,13.0
4,2021-08-14,Everton,Southampton,1.9,3.5,4.0
5,2021-08-14,Leicester,Wolves,1.66,3.8,5.25
6,2021-08-14,Watford,Aston Villa,3.1,3.2,2.37
7,2021-08-14,Norwich,Liverpool,9.0,5.75,1.3
8,2021-08-15,Newcastle,West Ham,3.2,3.5,2.2
9,2021-08-15,Tottenham,Man City,5.5,4.2,1.6
10,2021-08-21,Liverpool,Burnley,1.18,7.5,13.0
11,2021-08-21,Aston Villa,Newcastle,1.8,3.75,4.33
12,2021-08-21,Crystal Palace,Brentford,2.55,3.2,2.87
13,2021-08-21,Leeds,Everton,2.37,3.4,3.0
14,2021-08-21,Man City,Norwich,1.08,11.0,26.0
15,2021-08-21,Brighton,Watford,1.7,3.5,5.75
16,2021-08-22,Southampton,Man United,5.5,4.2,1.57
17,2021-08-22,Wolves,Tottenham,3.2,3.2,2.35
18,2021-08-22,Arsenal,Chelsea,4.75,3.75,1.72
19,2021-08-23,West Ham,Leicester,2.5,3.5,2.75
20,2021-08-28,Man City,Arsenal,1.25,6.0,12.0
21,2021-08-28,Aston Villa,Brentford,1.95,3.6,3.8
22,2021-08-28,Brighton,Everton,2.3,3.2,3.3
23,2021-08-28,Newcastle,Southampton,2.5,3.4,2.8
24,2021-08-28,Norwich,Leicester,4.5,3.5,1.85
25,2021-08-28,West Ham,Crystal Palace,1.55,4.0,6.5
26,2021-08-28,Liverpool,Chelsea,2.45,3.3,2.9
27,2021-08-29,Burnley,Leeds,3.1,3.5,2.25
28,2021-08-29,Tottenham,Watford,1.36,4.75,9.0
29,2021-08-29,Wolves,Man United,5.0,3.5,1.75
30,2021-09-11,Crystal Palace,Tottenham,4.2,3.5,1.9
31,2021-09-11,Arsenal,Norwich,1.5,4.6,6.0
32,2021-09-11,Brentford,Brighton,2.8,3.2,2.62
33,2021-09-11,Leicester,Man City,6.0,4.0,1.57
34,2021-09-11,Man United,Newcastle,1.18,7.5,15.0
35,2021-09-11,Southampton,West Ham,2.9,3.5,2.4
36,2021-09-11,Watford,Wolves,3.4,3.2,2.25
37,2021-09-11,Chelsea,Aston Villa,1.28,5.5,11.0
38,2021-09-12,Leeds,Liverpool,4.33,4.0,1.75
39,2021-09-13,Everton,Burnley,1.7,3.75,5.0
40,2021-09-17,Newcastle,Leeds,3.0,3.6,2.3
41,2021-09-18,Wolves,Brentford,1.83,3.25,5.0
42,2021-09-18,Burnley,Arsenal,3.8,3.6,1.95
43,2021-09-18,Liverpool,Crystal Palace,1.2,7.0,13.0
44,2021-09-18,Man City,Southampton,1.12,9.5,17.0
45,2021-09-18,Norwich,Watford,2.15,3.3,3.5
46,2021-09-18,Aston Villa,Everton,2.4,3.3,3.0
47,2021-09-19,Brighton,Leicester,2.7,3.2,2.75
48,2021-09-19,West Ham,Man United,4.33,4.0,1.75
49,2021-09-19,Tottenham,Chelsea,5.0,3.8,1.7
50,2021-09-25,Chelsea,Man City,2.62,3.2,2.75
51,2021-09-25,Man United,Aston Villa,1.36,5.25,8.0
52,2021-09-25,Everton,Norwich,1.61,3.8,5.75
53,2021-09-25,Leeds,West Ham,3.0,3.6,2.25
54,2021-09-25,Leicester,Burnley,1.57,4.0,6.0
55,2021-09-25,Watford,Newcastle,2.2,3.4,3.3
56,2021-09-25,Brentford,Liverpool,7.0,4.5,1.45
57,2021-09-26,Southampton,Wolves,2.62,3.2,2.8
58,2021-09-26,Arsenal,Tottenham,2.15,3.3,3.5
59,2021-09-27,Crystal Palace,Brighton,3.1,3.2,2.45
60,2021-10-02,Man United,Everton,1.45,4.33,7.5
61,2021-10-02,Burnley,Norwich,1.85,3.6,4.33
62,2021-10-02,Chelsea,Southampton,1.36,4.75,9.0
63,2021-10-02,Leeds,Watford,1.7,4.0,4.75
64,2021-10-02,Wolves,Newcastle,1.61,4.2,5.25
65,2021-10-02,Brighton,Arsenal,3.0,3.25,2.4
66,2021-10-03,Crystal Palace,Leicester,3.1,3.4,2.3
67,2021-10-03,Tottenham,Aston Villa,2.1,3.6,3.4
68,2021-10-03,West Ham,Brentford,1.75,3.75,4.75
69,2021-10-03,Liverpool,Man City,2.87,3.5,2.4
70,2021-10-16,Watford,Liverpool,8.5,5.5,1.33
71,2021-10-16,Aston Villa,Wolves,2.15,3.25,3.5
72,2021-10-16,Leicester,Man United,3.5,3.6,2.05
73,2021-10-16,Man City,Burnley,1.12,9.0,19.0
74,2021-10-16,Norwich,Brighton,3.6,3.4,2.1
75,2021-10-16,Southampton,Leeds,2.3,3.5,3.0
76,2021-10-16,Brentford,Chelsea,6.5,3.8,1.57
77,2021-10-17,Everton,West Ham,2.5,3.4,2.8
78,2021-10-17,Newcastle,Tottenham,3.5,3.6,2.05
79,2021-10-18,Arsenal,Crystal Palace,1.6,3.8,6.0
80,2021-10-22,Arsenal,Aston Villa,1.83,3.75,4.2
81,2021-10-23,Chelsea,Norwich,1.18,7.0,15.0
82,2021-10-23,Crystal Palace,Newcastle,1.9,3.6,4.0
83,2021-10-23,Everton,Watford,1.65,3.8,5.5
84,2021-10-23,Leeds,Wolves,2.4,3.4,2.87
85,2021-10-23,Southampton,Burnley,1.95,3.5,3.9
86,2021-10-23,Brighton,Man City,8.0,4.75,1.4
87,2021-10-24,Brentford,Leicester,2.62,3.3,2.7
88,2021-10-24,West Ham,Tottenham,2.3,3.5,3.0
89,2021-10-24,Man United,Liverpool,3.1,3.6,2.2
90,2021-10-30,Leicester,Arsenal,2.4,3.5,2.87
91,2021-10-30,Burnley,Brentford,2.6,3.3,2.75
92,2021-10-30,Liverpool,Brighton,1.22,6.5,13.0
93,2021-10-30,Man City,Crystal Palace,1.14,8.0,19.0
94,2021-10-30,Newcastle,Chelsea,8.5,5.0,1.36
95,2021-10-30,Watford,Southampton,3.2,3.3,2.3
96,2021-10-30,Tottenham,Man United,2.87,3.6,2.37
97,2021-10-31,Norwich,Leeds,3.4,3.5,2.1
98,2021-10-31,Aston Villa,West Ham,2.8,3.5,2.45
99,2021-11-01,Wolves,Everton,2.2,3.2,3.5
100,2021-11-05,Southampton,Aston Villa,1.95,3.6,3.75
101,2021-11-06,Man United,Man City,4.75,4.0,1.7
102,2021-11-06,Brentford,Norwich,1.6,4.0,5.75
103,2021-11-06,Chelsea,Burnley,1.25,6.0,12.0
104,2021-11-06,Crystal Palace,Wolves,2.45,3.2,3.0
105,2021-11-06,Brighton,Newcastle,1.57,3.9,6.0
106,2021-11-07,Arsenal,Watford,1.36,4.75,8.5
107,2021-11-07,Everton,Tottenham,3.1,3.25,2.37
108,2021-11-07,Leeds,Leicester,2.8,3.5,2.45
109,2021-11-07,West Ham,Liverpool,4.75,4.0,1.7
110,2021-11-20,Leicester,Chelsea,4.75,3.75,1.75
111,2021-11-20,Aston Villa,Brighton,2.45,3.3,2.9
112,2021-11-20,Burnley,Crystal Palace,2.7,3.2,2.7
113,2021-11-20,Newcastle,Brentford,2.62,3.4,2.7
114,2021-11-20,Norwich,Southampton,3.6,3.5,2.05
115,2021-11-20,Watford,Man United,6.5,4.75,1.45
116,2021-11-20,Wolves,West Ham,3.0,3.25,2.4
117,2021-11-20,Liverpool,Arsenal,1.45,4.75,6.5
118,2021-11-21,Man City,Everton,1.14,8.0,19.0
119,2021-11-21,Tottenham,Leeds,1.7,4.2,4.5
120,2021-11-27,Arsenal,Newcastle,1.44,4.75,7.0
121,2021-11-27,Crystal Palace,Aston Villa,2.2,3.4,3.3
122,2021-11-27,Liverpool,Southampton,1.28,6.0,9.0
123,2021-11-27,Norwich,Wolves,3.5,3.3,2.15
124,2021-11-27,Brighton,Leeds,2.05,3.4,3.75
125,2021-11-28,Brentford,Everton,2.25,3.2,3.4
126,2021-11-28,Leicester,Watford,1.61,4.0,5.5
127,2021-11-28,Man City,West Ham,1.28,5.75,10.0
128,2021-11-28,Chelsea,Man United,1.57,4.0,6.0
129,2021-11-30,Newcastle,Norwich,1.95,3.5,3.9
130,2021-11-30,Leeds,Crystal Palace,2.4,3.3,3.0
131,2021-12-01,Southampton,Leicester,2.37,3.5,2.87
132,2021-12-01,Watford,Chelsea,10.0,5.25,1.3
133,2021-12-01,West Ham,Brighton,1.95,3.6,3.8
134,2021-12-01,Wolves,Burnley,1.85,3.5,4.33
135,2021-12-01,Aston Villa,Man City,9.0,5.25,1.33
136,2021-12-01,Everton,Liverpool,7.5,5.25,1.36
137,2021-12-02,Tottenham,Brentford,1.6,4.2,5.25
138,2021-12-02,Man United,Arsenal,1.95,3.75,3.75
139,2021-12-04,West Ham,Chelsea,4.75,3.6,1.75
140,2021-12-04,Newcastle,Burnley,2.3,3.3,3.2
141,2021-12-04,Southampton,Brighton,2.45,3.2,3.0
142,2021-12-04,Wolves,Liverpool,8.0,4.75,1.4
143,2021-12-04,Watford,Man City,12.0,7.0,1.2
144,2021-12-05,Leeds,Brentford,1.95,3.6,3.8
145,2021-12-05,Man United,Crystal Palace,1.5,4.33,6.5
146,2021-12-05,Tottenham,Norwich,1.36,5.0,8.5
147,2021-12-05,Aston Villa,Leicester,2.37,3.4,3.0
148,2021-12-06,Everton,Arsenal,3.4,3.5,2.1
149,2021-12-10,Brentford,Watford,2.25,3.3,3.3
150,2021-12-11,Man City,Wolves,1.14,8.0,19.0
151,2021-12-11,Arsenal,Southampton,1.61,4.0,5.5
152,2021-12-11,Chelsea,Leeds,1.25,5.75,12.0
153,2021-12-11,Liverpool,Aston Villa,1.2,7.0,13.0
154,2021-12-11,Norwich,Man United,7.0,4.5,1.45
155,2021-12-12,Burnley,West Ham,3.6,3.6,2.0
156,2021-12-12,Leicester,Newcastle,1.66,4.1,4.75
157,2021-12-12,Crystal Palace,Everton,2.3,3.2,3.3
158,2021-12-14,Norwich,Aston Villa,3.3,3.3,2.25
159,2021-12-14,Man City,Leeds,1.14,8.5,15.0
160,2021-12-15,Brighton,Wolves,2.25,3.1,3.5
161,2021-12-15,Crystal Palace,Southampton,2.15,3.3,3.5
162,2021-12-15,Arsenal,West Ham,2.1,3.6,3.3
163,2021-12-16,Chelsea,Everton,1.22,6.5,13.0
164,2021-12-16,Liverpool,Newcastle,1.12,9.0,19.0
165,2021-12-18,Leeds,Arsenal,3.9,3.8,1.83
166,2021-12-19,Newcastle,Man City,13.0,7.5,1.18
167,2021-12-19,Wolves,Chelsea,7.0,4.2,1.5
168,2021-12-19,Tottenham,Liverpool,5.25,4.75,1.53
169,2021-12-26,Man City,Leicester,1.18,7.5,13.0
170,2021-12-26,Norwich,Arsenal,8.0,4.75,1.4
171,2021-12-26,Tottenham,Crystal Palace,1.72,3.8,4.75
172,2021-12-26,West Ham,Southampton,1.8,3.9,4.2
173,2021-12-26,Aston Villa,Chelsea,5.25,3.8,1.65
174,2021-12-26,Brighton,Brentford,1.9,3.4,4.2
175,2021-12-27,Newcastle,Man United,6.5,4.75,1.44
176,2021-12-28,Crystal Palace,Norwich,1.65,3.75,5.5
177,2021-12-28,Southampton,Tottenham,3.75,3.5,2.0
178,2021-12-28,Watford,West Ham,3.4,3.6,2.1
179,2021-12-28,Leicester,Liverpool,8.0,5.5,1.33
180,2021-12-29,Chelsea,Brighton,1.4,4.5,7.5
181,2021-12-29,Brentford,Man City,19.0,8.0,1.14
182,2021-12-30,Man United,Burnley,1.36,5.0,9.0
183,2022-01-01,Arsenal,Man City,5.75,4.75,1.5
184,2022-01-01,Watford,Tottenham,5.0,4.2,1.61
185,2022-01-01,Crystal Palace,West Ham,3.1,3.4,2.3
186,2022-01-02,Brentford,Aston Villa,3.0,3.3,2.4
187,2022-01-02,Everton,Brighton,2.75,3.2,2.62
188,2022-01-02,Leeds,Burnley,2.05,3.5,3.5
189,2022-01-02,Chelsea,Liverpool,3.1,3.5,2.25
190,2022-01-03,Man United,Wolves,1.53,4.33,6.0
191,2022-01-11,Southampton,Brentford,2.05,3.4,3.6
192,2022-01-12,West Ham,Norwich,1.28,5.5,10.0
193,2022-01-14,Brighton,Crystal Palace,2.05,3.3,3.8
194,2022-01-15,Man City,Chelsea,1.65,4.0,5.0
195,2022-01-15,Newcastle,Watford,2.0,3.6,3.6
196,2022-01-15,Norwich,Everton,3.75,3.5,2.0
197,2022-01-15,Wolves,Southampton,2.25,3.2,3.4
198,2022-01-15,Aston Villa,Man United,2.87,3.5,2.4
199,2022-01-16,Liverpool,Brentford,1.3,5.5,10.0
200,2022-01-16,West Ham,Leeds,1.61,4.2,5.0
201,2022-01-18,Brighton,Chelsea,4.75,3.75,1.72
202,2022-01-19,Leicester,Tottenham,3.0,3.5,2.3
203,2022-01-19,Brentford,Man United,4.5,3.7,1.8
204,2022-01-21,Watford,Norwich,2.0,3.5,3.75
205,2022-01-22,Everton,Aston Villa,2.75,3.25,2.62
206,2022-01-22,Brentford,Wolves,3.2,2.8,2.6
207,2022-01-22,Leeds,Newcastle,2.0,3.5,3.75
208,2022-01-22,Man United,West Ham,1.85,3.8,4.0
209,2022-01-22,Southampton,Man City,10.0,6.5,1.25
210,2022-01-23,Arsenal,Burnley,1.36,4.75,9.0
211,2022-01-23,Crystal Palace,Liverpool,6.0,4.2,1.53
212,2022-01-23,Leicester,Brighton,2.5,3.25,2.9
213,2022-01-23,Chelsea,Tottenham,1.61,4.2,5.0
214,2022-02-05,Burnley,Watford,2.2,3.25,3.5
215,2022-02-08,Newcastle,Everton,2.5,3.25,2.87
216,2022-02-08,West Ham,Watford,1.55,4.2,5.75
217,2022-02-08,Burnley,Man United,5.5,4.0,1.61
218,2022-02-09,Man City,Brentford,1.1,9.5,23.0
219,2022-02-09,Norwich,Crystal Palace,3.5,3.25,2.15
220,2022-02-09,Tottenham,Southampton,1.6,4.0,5.5
221,2022-02-09,Aston Villa,Leeds,1.8,3.8,4.2
222,2022-02-10,Liverpool,Leicester,1.25,6.5,10.0
223,2022-02-10,Wolves,Arsenal,3.5,3.2,2.2
224,2022-02-12,Man United,Southampton,1.6,4.0,5.5
225,2022-02-12,Brentford,Crystal Palace,2.55,3.1,3.0
226,2022-02-12,Everton,Leeds,2.25,3.5,3.0
227,2022-02-12,Watford,Brighton,3.5,3.3,2.05
228,2022-02-12,Norwich,Man City,15.0,8.0,1.16
229,2022-02-13,Burnley,Liverpool,10.0,5.25,1.28
230,2022-02-13,Newcastle,Aston Villa,2.7,3.3,2.62
231,2022-02-13,Tottenham,Wolves,1.7,3.6,5.5
232,2022-02-13,Leicester,West Ham,2.9,3.5,2.3
233,2022-02-15,Man United,Brighton,1.72,3.75,4.75
234,2022-02-19,West Ham,Newcastle,1.7,4.0,4.75
235,2022-02-19,Arsenal,Brentford,1.44,4.2,8.0
236,2022-02-19,Aston Villa,Watford,1.65,3.6,5.75
237,2022-02-19,Brighton,Burnley,1.66,3.5,6.0
238,2022-02-19,Crystal Palace,Chelsea,5.5,3.8,1.65
239,2022-02-19,Liverpool,Norwich,1.1,9.0,23.0
240,2022-02-19,Southampton,Everton,2.1,3.5,3.5
241,2022-02-19,Man City,Tottenham,1.28,6.0,10.0
242,2022-02-20,Leeds,Man United,3.9,3.8,1.85
243,2022-02-20,Wolves,Leicester,2.25,3.3,3.25
244,2022-02-23,Burnley,Tottenham,4.6,3.8,1.75
245,2022-02-23,Watford,Crystal Palace,3.1,3.3,2.3
246,2022-02-23,Liverpool,Leeds,1.16,8.0,15.0
247,2022-02-24,Arsenal,Wolves,1.65,3.8,5.5
248,2022-02-25,Southampton,Norwich,1.53,4.33,6.0
249,2022-02-26,Leeds,Tottenham,4.2,3.6,1.85
250,2022-02-26,Brentford,Newcastle,2.5,3.2,3.0
251,2022-02-26,Crystal Palace,Burnley,1.9,3.6,4.0
252,2022-02-26,Man United,Watford,1.3,5.5,9.5
253,2022-02-26,Brighton,Aston Villa,2.2,3.3,3.5
254,2022-02-26,Everton,Man City,10.0,5.75,1.28
255,2022-02-27,West Ham,Wolves,2.05,3.3,3.8
256,2022-03-01,Burnley,Leicester,2.9,3.4,2.4
257,2022-03-05,Leicester,Leeds,1.75,4.0,4.2
258,2022-03-05,Aston Villa,Southampton,2.3,3.5,3.0
259,2022-03-05,Burnley,Chelsea,6.5,4.33,1.5
260,2022-03-05,Newcastle,Brighton,2.75,3.2,2.62
261,2022-03-05,Norwich,Brentford,2.9,3.1,2.5
262,2022-03-05,Wolves,Crystal Palace,2.3,3.1,3.4
263,2022-03-05,Liverpool,West Ham,1.28,5.75,9.5
264,2022-03-06,Watford,Arsenal,6.0,4.0,1.57
265,2022-03-06,Man City,Man United,1.4,4.75,7.5
266,2022-03-07,Tottenham,Everton,1.57,3.8,5.75
267,2022-03-10,Norwich,Chelsea,11.0,4.75,1.3
268,2022-03-10,Southampton,Newcastle,2.0,3.75,3.5
269,2022-03-10,Wolves,Watford,1.75,3.6,4.5
270,2022-03-10,Leeds,Aston Villa,2.7,3.5,2.5
271,2022-03-12,Brighton,Liverpool,6.0,4.33,1.5
272,2022-03-12,Brentford,Burnley,2.15,3.2,3.6
273,2022-03-12,Man United,Tottenham,2.2,3.4,3.25
274,2022-03-13,Chelsea,Newcastle,1.3,5.25,11.0
275,2022-03-13,Everton,Wolves,2.3,3.2,3.3
276,2022-03-13,Leeds,Norwich,1.55,4.2,5.75
277,2022-03-13,Southampton,Watford,1.6,4.2,5.25
278,2022-03-13,West Ham,Aston Villa,2.25,3.3,3.3
279,2022-03-13,Arsenal,Leicester,1.5,4.5,6.0
280,2022-03-14,Crystal Palace,Man City,10.0,5.0,1.33
281,2022-03-16,Brighton,Tottenham,3.3,3.3,2.25
282,2022-03-16,Arsenal,Liverpool,3.5,4.0,1.9
283,2022-03-17,Everton,Newcastle,2.4,3.25,3.1
284,2022-03-18,Wolves,Leeds,2.1,3.5,3.4
285,2022-03-19,Aston Villa,Arsenal,3.0,3.3,2.4
286,2022-03-20,Leicester,Brentford,2.15,3.4,3.4
287,2022-03-20,Tottenham,West Ham,1.72,3.8,4.75
288,2022-04-02,Liverpool,Watford,1.12,9.5,17.0
289,2022-04-02,Brighton,Norwich,1.5,4.0,7.0
290,2022-04-02,Burnley,Man City,15.0,6.5,1.2
291,2022-04-02,Chelsea,Brentford,1.33,5.0,10.0
292,2022-04-02,Leeds,Southampton,2.37,3.75,2.75
293,2022-04-02,Wolves,Aston Villa,3.0,3.1,2.55
294,2022-04-02,Man United,Leicester,1.5,4.5,6.0
295,2022-04-03,West Ham,Everton,1.75,3.8,4.5
296,2022-04-03,Tottenham,Newcastle,1.5,4.33,6.5
297,2022-04-04,Crystal Palace,Arsenal,4.0,3.4,1.95
298,2022-04-06,Burnley,Everton,2.62,3.1,2.87
299,2022-04-08,Newcastle,Wolves,2.25,3.1,3.4
300,2022-04-09,Everton,Man United,4.6,3.75,1.75
301,2022-04-09,Arsenal,Brighton,1.61,3.8,5.75
302,2022-04-09,Southampton,Chelsea,3.8,3.6,1.95
303,2022-04-09,Watford,Leeds,2.7,3.4,2.55
304,2022-04-09,Aston Villa,Tottenham,3.2,3.4,2.25
305,2022-04-10,Brentford,West Ham,2.62,3.3,2.62
306,2022-04-10,Leicester,Crystal Palace,2.37,3.3,2.9
307,2022-04-10,Norwich,Burnley,2.87,3.2,2.55
308,2022-04-10,Man City,Liverpool,2.0,3.75,3.5
309,2022-04-16,Tottenham,Brighton,1.53,4.0,6.5
310,2022-04-16,Man United,Norwich,1.25,6.5,10.0
311,2022-04-16,Southampton,Arsenal,3.8,3.6,1.95
312,2022-04-16,Watford,Brentford,2.7,3.3,2.55
313,2022-04-17,Newcastle,Leicester,2.2,3.4,3.3
314,2022-04-17,West Ham,Burnley,1.7,3.8,5.0
315,2022-04-19,Liverpool,Man United,1.4,5.0,7.0
316,2022-04-20,Chelsea,Arsenal,1.83,3.6,4.33
317,2022-04-20,Everton,Leicester,2.25,3.4,3.25
318,2022-04-20,Newcastle,Crystal Palace,2.25,3.4,3.25
319,2022-04-20,Man City,Brighton,1.16,7.0,17.0
320,2022-04-21,Burnley,Southampton,2.75,3.25,2.62
321,2022-04-23,Arsenal,Man United,2.05,3.5,3.5
322,2022-04-23,Leicester,Aston Villa,2.8,3.4,2.5
323,2022-04-23,Man City,Watford,1.1,10.0,26.0
324,2022-04-23,Norwich,Newcastle,3.5,3.3,2.15
325,2022-04-23,Brentford,Tottenham,4.33,3.5,1.85
326,2022-04-24,Brighton,Southampton,2.1,3.4,3.6
327,2022-04-24,Burnley,Wolves,2.7,3.0,2.87
328,2022-04-24,Chelsea,West Ham,1.5,4.33,6.5
329,2022-04-24,Liverpool,Everton,1.18,7.0,15.0
330,2022-04-25,Crystal Palace,Leeds,2.05,3.5,3.5
331,2022-04-28,Man United,Chelsea,3.2,3.4,2.25
332,2022-04-30,Newcastle,Liverpool,8.5,5.0,1.36
333,2022-04-30,Aston Villa,Norwich,1.4,4.5,9.0
334,2022-04-30,Southampton,Crystal Palace,2.4,3.3,3.1
335,2022-04-30,Watford,Burnley,2.6,3.3,2.75
336,2022-04-30,Wolves,Brighton,2.7,3.2,2.75
337,2022-04-30,Leeds,Man City,8.5,6.0,1.3
338,2022-05-01,Everton,Chelsea,5.0,3.6,1.75
339,2022-05-01,Tottenham,Leicester,1.44,4.75,7.0
340,2022-05-01,West Ham,Arsenal,4.33,3.8,1.8
341,2022-05-02,Man United,Brentford,1.72,4.0,4.5
342,2022-05-07,Brentford,Southampton,2.15,3.5,3.3
343,2022-05-07,Burnley,Aston Villa,3.0,3.3,2.4
344,2022-05-07,Chelsea,Wolves,1.33,5.0,9.5
345,2022-05-07,Crystal Palace,Watford,1.65,4.0,5.0
346,2022-05-07,Brighton,Man United,2.8,3.5,2.45
347,2022-05-07,Liverpool,Tottenham,1.4,5.0,7.0
348,2022-05-08,Arsenal,Leeds,1.45,4.5,7.0
349,2022-05-08,Leicester,Everton,2.6,3.3,2.75
350,2022-05-08,Norwich,West Ham,4.5,3.8,1.75
351,2022-05-08,Man City,Newcastle,1.16,7.0,17.0
352,2022-05-10,Aston Villa,Liverpool,7.5,4.75,1.4
353,2022-05-11,Leeds,Chelsea,4.75,4.2,1.65
354,2022-05-11,Leicester,Norwich,1.44,4.75,7.0
355,2022-05-11,Watford,Everton,4.2,3.6,1.83
356,2022-05-11,Wolves,Man City,11.0,6.0,1.25
357,2022-05-12,Tottenham,Arsenal,2.05,3.75,3.5
358,2022-05-15,Tottenham,Burnley,1.33,5.25,9.0
359,2022-05-15,Aston Villa,Crystal Palace,2.0,3.5,3.75
360,2022-05-15,Leeds,Brighton,2.62,3.5,2.62
361,2022-05-15,Watford,Leicester,3.8,3.5,1.95
362,2022-05-15,West Ham,Man City,7.5,5.0,1.4
363,2022-05-15,Wolves,Norwich,1.45,4.75,6.5
364,2022-05-15,Everton,Brentford,2.05,3.6,3.5
365,2022-05-16,Newcastle,Arsenal,4.33,3.6,1.83
366,2022-05-17,Southampton,Liverpool,7.5,5.5,1.33
367,2022-05-19,Everton,Crystal Palace,1.9,3.4,4.33
368,2022-05-19,Aston Villa,Burnley,2.05,3.5,3.6
369,2022-05-19,Chelsea,Leicester,1.4,4.75,8.0
370,2022-05-22,Arsenal,Everton,1.36,4.75,9.0
371,2022-05-22,Brentford,Leeds,2.45,3.8,2.62
372,2022-05-22,Brighton,West Ham,2.37,3.5,2.9
373,2022-05-22,Burnley,Newcastle,2.25,3.4,3.2
374,2022-05-22,Chelsea,Watford,1.18,7.5,15.0
375,2022-05-22,Crystal Palace,Man United,3.0,3.6,2.25
376,2022-05-22,Leicester,Southampton,1.85,4.0,3.8
377,2022-05-22,Liverpool,Wolves,1.14,8.5,15.0
378,2022-05-22,Man City,Aston Villa,1.16,8.0,17.0
379,2022-05-22,Norwich,Tottenham,9.5,6.5,1.25
0,2022-08-05,Crystal Palace,Arsenal,4.2,3.6,1.85
1,2022-08-06,Fulham,Liverpool,11.0,6.0,1.25
2,2022-08-06,Bournemouth,Aston Villa,3.75,3.5,2.0
3,2022-08-06,Leeds,Wolves,2.25,3.4,3.2
4,2022-08-06,Newcastle,Nott'm Forest,1.66,3.8,5.25
5,2022-08-06,Tottenham,Southampton,1.33,5.5,8.5
6,2022-08-06,Everton,Chelsea,5.5,4.0,1.61
7,2022-08-07,Leicester,Brentford,2.0,3.75,3.5
8,2022-08-07,Man United,Brighton,1.6,4.2,5.25
9,2022-08-07,West Ham,Man City,8.0,5.0,1.36
10,2022-08-13,Aston Villa,Everton,1.8,3.5,4.75
11,2022-08-13,Arsenal,Leicester,1.53,4.33,5.75
12,2022-08-13,Brighton,Newcastle,2.45,3.2,3.0
13,2022-08-13,Man City,Bournemouth,1.06,13.0,29.0
14,2022-08-13,Southampton,Leeds,2.25,3.5,3.1
15,2022-08-13,Wolves,Fulham,2.3,3.3,3.2
16,2022-08-13,Brentford,Man United,3.75,3.5,2.0
17,2022-08-14,Nott'm Forest,West Ham,4.2,3.6,1.85
18,2022-08-14,Chelsea,Tottenham,2.25,3.4,3.2
19,2022-08-15,Liverpool,Crystal Palace,1.18,6.75,16.0
20,2022-08-20,Tottenham,Wolves,1.4,4.75,7.5
21,2022-08-20,Crystal Palace,Aston Villa,2.5,3.25,2.9
22,2022-08-20,Everton,Nott'm Forest,1.9,3.6,4.0
23,2022-08-20,Fulham,Brentford,2.45,3.4,2.9
24,2022-08-20,Leicester,Southampton,1.83,4.0,4.0
25,2022-08-20,Bournemouth,Arsenal,8.0,4.75,1.4
26,2022-08-21,Leeds,Chelsea,5.75,4.5,1.53
27,2022-08-21,West Ham,Brighton,2.3,3.4,3.1
28,2022-08-21,Newcastle,Man City,7.5,5.0,1.36
29,2022-08-22,Man United,Liverpool,5.25,4.33,1.6
30,2022-08-27,Southampton,Man United,4.2,4.0,1.8
31,2022-08-27,Brentford,Everton,2.0,3.5,3.75
32,2022-08-27,Brighton,Leeds,1.9,3.8,3.8
33,2022-08-27,Chelsea,Leicester,1.4,5.0,7.0
34,2022-08-27,Liverpool,Bournemouth,1.1,10.0,26.0
35,2022-08-27,Man City,Crystal Palace,1.18,7.5,13.0
36,2022-08-27,Arsenal,Fulham,1.3,5.75,9.0
37,2022-08-28,Aston Villa,West Ham,2.3,3.4,3.1
38,2022-08-28,Wolves,Newcastle,2.7,3.3,2.7
39,2022-08-28,Nott'm Forest,Tottenham,7.0,4.6,1.44
40,2022-08-30,Crystal Palace,Brentford,2.05,3.4,3.6
41,2022-08-30,Fulham,Brighton,3.1,3.3,2.3
42,2022-08-30,Southampton,Chelsea,5.25,4.0,1.61
43,2022-08-30,Leeds,Everton,2.15,3.5,3.3
44,2022-08-31,Arsenal,Aston Villa,1.45,4.5,6.0
45,2022-08-31,Bournemouth,Wolves,3.5,3.3,2.15
46,2022-08-31,Man City,Nott'm Forest,1.06,13.0,29.0
47,2022-08-31,West Ham,Tottenham,3.6,3.8,1.95
48,2022-08-31,Liverpool,Newcastle,1.33,5.25,9.0
49,2022-09-01,Leicester,Man United,3.4,3.75,2.05
50,2022-09-03,Everton,Liverpool,7.0,4.75,1.4
51,2022-09-03,Brentford,Leeds,2.1,3.5,3.4
52,2022-09-03,Chelsea,West Ham,1.55,4.5,5.5
53,2022-09-03,Newcastle,Crystal Palace,2.0,3.5,3.75
54,2022-09-03,Nott'm Forest,Bournemouth,1.95,3.5,3.8
55,2022-09-03,Tottenham,Fulham,1.5,4.5,6.5
56,2022-09-03,Wolves,Southampton,2.2,3.4,3.25
57,2022-09-03,Aston Villa,Man City,8.0,5.5,1.33
58,2022-09-04,Brighton,Leicester,1.83,3.5,4.5
59,2022-09-04,Man United,Arsenal,2.5,3.5,2.7
60,2022-09-16,Aston Villa,Southampton,2.1,3.5,3.5
61,2022-09-16,Nott'm Forest,Fulham,2.75,3.3,2.62
62,2022-09-17,Wolves,Man City,9.5,5.0,1.33
63,2022-09-17,Newcastle,Bournemouth,1.44,4.4,7.5
64,2022-09-17,Tottenham,Leicester,1.45,4.5,7.0
65,2022-09-18,Brentford,Arsenal,4.2,3.8,1.8
66,2022-09-18,Everton,West Ham,2.9,3.25,2.5
67,2022-10-01,Arsenal,Tottenham,2.05,3.75,3.3
68,2022-10-01,Bournemouth,Brentford,3.3,3.4,2.2
69,2022-10-01,Crystal Palace,Chelsea,4.2,3.6,1.85
70,2022-10-01,Fulham,Newcastle,3.0,3.4,2.37
71,2022-10-01,Liverpool,Brighton,1.33,5.25,8.5
72,2022-10-01,Southampton,Everton,2.15,3.4,3.4
73,2022-10-01,West Ham,Wolves,1.95,3.5,4.2
74,2022-10-02,Man City,Man United,1.33,5.75,7.5
75,2022-10-02,Leeds,Aston Villa,2.35,3.4,3.0
76,2022-10-03,Leicester,Nott'm Forest,1.75,4.0,4.33
77,2022-10-08,Bournemouth,Leicester,3.6,3.4,2.05
78,2022-10-08,Chelsea,Wolves,1.4,4.5,8.0
79,2022-10-08,Man City,Southampton,1.11,10.0,17.0
80,2022-10-08,Newcastle,Brentford,1.83,3.8,4.2
81,2022-10-08,Brighton,Tottenham,2.8,3.4,2.5
82,2022-10-09,Crystal Palace,Leeds,2.05,3.5,3.6
83,2022-10-09,West Ham,Fulham,1.72,3.8,4.75
84,2022-10-09,Arsenal,Liverpool,2.5,3.6,2.62
85,2022-10-09,Everton,Man United,3.6,3.5,2.05
86,2022-10-10,Nott'm Forest,Aston Villa,3.3,3.4,2.2
87,2022-10-14,Brentford,Brighton,3.1,3.4,2.3
88,2022-10-15,Leicester,Crystal Palace,2.3,3.4,3.1
89,2022-10-15,Fulham,Bournemouth,1.85,3.75,4.0
90,2022-10-15,Wolves,Nott'm Forest,1.7,3.75,5.0
91,2022-10-15,Tottenham,Everton,1.5,4.5,6.5
92,2022-10-16,Aston Villa,Chelsea,4.33,3.75,1.8
93,2022-10-16,Leeds,Arsenal,6.0,4.2,1.55
94,2022-10-16,Man United,Newcastle,1.95,3.8,3.5
95,2022-10-16,Southampton,West Ham,2.9,3.4,2.4
96,2022-10-16,Liverpool,Man City,3.6,4.0,1.9
97,2022-10-18,Brighton,Nott'm Forest,1.4,4.75,7.0
98,2022-10-18,Crystal Palace,Wolves,2.25,3.1,3.4
99,2022-10-19,Bournemouth,Southampton,2.62,3.3,2.62
100,2022-10-19,Brentford,Chelsea,4.75,3.8,1.72
101,2022-10-19,Liverpool,West Ham,1.4,5.0,7.0
102,2022-10-19,Newcastle,Everton,1.6,3.8,5.75
103,2022-10-19,Man United,Tottenham,2.45,3.5,2.75
104,2022-10-20,Fulham,Aston Villa,2.9,3.3,2.5
105,2022-10-20,Leicester,Leeds,2.25,3.6,3.0
106,2022-10-22,Nott'm Forest,Liverpool,11.0,6.0,1.25
107,2022-10-22,Everton,Crystal Palace,2.6,3.2,2.87
108,2022-10-22,Man City,Brighton,1.2,7.0,13.0
109,2022-10-22,Chelsea,Man United,2.05,3.5,3.5
110,2022-10-23,Aston Villa,Brentford,2.1,3.5,3.5
111,2022-10-23,Leeds,Fulham,2.05,3.5,3.6
112,2022-10-23,Southampton,Arsenal,6.0,4.0,1.57
113,2022-10-23,Wolves,Leicester,2.25,3.25,3.25
114,2022-10-23,Tottenham,Newcastle,2.05,3.5,3.5
115,2022-10-24,West Ham,Bournemouth,1.55,4.0,6.0
116,2022-10-29,Leicester,Man City,10.0,6.5,1.25
117,2022-10-29,Bournemouth,Tottenham,5.0,3.8,1.7
118,2022-10-29,Brentford,Wolves,2.2,3.4,3.3
119,2022-10-29,Brighton,Chelsea,3.0,3.3,2.4
120,2022-10-29,Crystal Palace,Southampton,1.9,3.6,4.0
121,2022-10-29,Newcastle,Aston Villa,1.8,3.75,4.5
122,2022-10-29,Fulham,Everton,2.37,3.4,3.0
123,2022-10-29,Liverpool,Leeds,1.3,6.0,9.0
124,2022-10-30,Arsenal,Nott'm Forest,1.2,7.0,12.0
125,2022-10-30,Man United,West Ham,1.66,4.0,4.8
126,2022-11-05,Leeds,Bournemouth,1.72,3.8,4.75
127,2022-11-05,Man City,Fulham,1.11,9.5,19.0
128,2022-11-05,Nott'm Forest,Brentford,2.75,3.3,2.6
129,2022-11-05,Wolves,Brighton,3.3,3.3,2.25
130,2022-11-05,Everton,Leicester,2.4,3.3,3.0
131,2022-11-06,Chelsea,Arsenal,2.55,3.4,2.7
132,2022-11-06,Aston Villa,Man United,3.3,3.8,2.1
133,2022-11-06,Southampton,Newcastle,4.0,3.6,1.9
134,2022-11-06,West Ham,Crystal Palace,1.9,3.4,4.2
135,2022-11-06,Tottenham,Liverpool,3.3,3.6,2.1
136,2022-11-12,Man City,Brentford,1.14,8.0,17.0
137,2022-11-12,Bournemouth,Everton,2.8,3.25,2.6
138,2022-11-12,Liverpool,Southampton,1.25,6.5,11.0
139,2022-11-12,Nott'm Forest,Crystal Palace,3.1,3.1,2.45
140,2022-11-12,Tottenham,Leeds,1.65,4.2,4.75
141,2022-11-12,West Ham,Leicester,2.05,3.4,3.75
142,2022-11-12,Newcastle,Chelsea,2.35,3.4,3.0
143,2022-11-12,Wolves,Arsenal,6.0,4.2,1.55
144,2022-11-13,Brighton,Aston Villa,1.83,3.75,4.2
145,2022-11-13,Fulham,Man United,3.8,3.8,1.9
146,2022-12-26,Brentford,Tottenham,4.0,3.6,1.91
147,2022-12-26,Crystal Palace,Fulham,2.05,3.6,3.5
148,2022-12-26,Everton,Wolves,2.3,3.25,3.2
149,2022-12-26,Leicester,Newcastle,3.25,3.5,2.2
150,2022-12-26,Southampton,Brighton,3.3,3.5,2.15
151,2022-12-26,Aston Villa,Liverpool,4.75,4.0,1.7
152,2022-12-26,Arsenal,West Ham,1.5,4.33,6.5
153,2022-12-27,Chelsea,Bournemouth,1.3,5.5,10.0
154,2022-12-27,Man United,Nott'm Forest,1.29,5.5,11.0
155,2022-12-28,Leeds,Man City,9.5,6.0,1.29
156,2022-12-30,West Ham,Brentford,2.0,3.6,3.6
157,2022-12-30,Liverpool,Leicester,1.29,6.0,9.5
158,2022-12-31,Wolves,Man United,4.0,3.6,1.91
159,2022-12-31,Bournemouth,Crystal Palace,2.8,3.3,2.5
160,2022-12-31,Fulham,Southampton,1.95,3.6,3.75
161,2022-12-31,Man City,Everton,1.13,9.0,19.0
162,2022-12-31,Newcastle,Leeds,1.45,4.5,7.0
163,2022-12-31,Brighton,Arsenal,3.4,3.5,2.1
164,2023-01-01,Tottenham,Aston Villa,1.67,4.0,5.0
165,2023-01-01,Nott'm Forest,Chelsea,5.0,3.8,1.7
166,2023-01-02,Brentford,Liverpool,5.5,4.33,1.55
167,2023-01-03,Arsenal,Newcastle,1.8,3.8,4.33
168,2023-01-03,Everton,Brighton,3.5,3.5,2.1
169,2023-01-03,Leicester,Fulham,2.2,3.6,3.1
170,2023-01-03,Man United,Bournemouth,1.29,5.5,11.0
171,2023-01-04,Southampton,Nott'm Forest,2.0,3.5,3.8
172,2023-01-04,Leeds,West Ham,2.6,3.5,2.6
173,2023-01-04,Aston Villa,Wolves,1.95,3.6,4.0
174,2023-01-04,Crystal Palace,Tottenham,3.4,3.5,2.15
175,2023-01-05,Chelsea,Man City,5.0,4.0,1.67
176,2023-01-12,Fulham,Chelsea,3.3,3.5,2.15
177,2023-01-13,Aston Villa,Leeds,1.91,3.6,4.0
178,2023-01-14,Man United,Man City,4.2,3.6,1.85
179,2023-01-14,Brighton,Liverpool,3.4,3.6,2.1
180,2023-01-14,Everton,Southampton,2.25,3.25,3.3
181,2023-01-14,Nott'm Forest,Leicester,2.7,3.3,2.63
182,2023-01-14,Wolves,West Ham,2.63,3.3,2.7
183,2023-01-14,Brentford,Bournemouth,1.65,4.0,5.25
184,2023-01-15,Chelsea,Crystal Palace,1.62,4.0,5.25
185,2023-01-15,Newcastle,Fulham,1.5,4.33,6.5
186,2023-01-15,Tottenham,Arsenal,3.1,3.6,2.2
187,2023-01-18,Crystal Palace,Man United,4.5,3.6,1.8
188,2023-01-19,Man City,Tottenham,1.36,5.0,8.5
189,2023-01-21,Liverpool,Chelsea,1.85,3.75,4.0
190,2023-01-21,Bournemouth,Nott'm Forest,2.75,3.1,2.75
191,2023-01-21,Leicester,Brighton,3.6,3.5,2.05
192,2023-01-21,Southampton,Aston Villa,2.88,3.25,2.55
193,2023-01-21,West Ham,Everton,1.8,3.75,4.75
194,2023-01-21,Crystal Palace,Newcastle,4.4,3.5,1.85
195,2023-01-22,Leeds,Brentford,2.38,3.6,2.88
196,2023-01-22,Man City,Wolves,1.2,8.0,11.0
197,2023-01-22,Arsenal,Man United,1.8,3.8,4.2
198,2023-01-23,Fulham,Tottenham,3.3,3.6,2.1
199,2023-02-03,Chelsea,Fulham,1.62,4.0,5.25
200,2023-02-04,Everton,Arsenal,8.5,4.5,1.4
201,2023-02-04,Aston Villa,Leicester,1.95,3.6,3.8
202,2023-02-04,Brentford,Southampton,1.85,3.6,4.2
203,2023-02-04,Brighton,Bournemouth,1.33,5.25,8.5
204,2023-02-04,Man United,Crystal Palace,1.4,4.75,8.0
205,2023-02-04,Wolves,Liverpool,4.0,3.8,1.85
206,2023-02-04,Newcastle,West Ham,1.6,3.8,6.0
207,2023-02-05,Nott'm Forest,Leeds,2.63,3.3,2.7
208,2023-02-05,Tottenham,Man City,4.33,4.2,1.73
209,2023-02-08,Man United,Leeds,1.45,5.0,6.0
210,2023-02-11,West Ham,Chelsea,3.3,3.3,2.25
211,2023-02-11,Arsenal,Brentford,1.44,4.75,7.0
212,2023-02-11,Crystal Palace,Brighton,3.8,3.5,2.0
213,2023-02-11,Fulham,Nott'm Forest,1.91,3.5,4.33
214,2023-02-11,Leicester,Tottenham,3.4,3.6,2.1
215,2023-02-11,Southampton,Wolves,2.9,3.2,2.55
216,2023-02-11,Bournemouth,Newcastle,6.5,4.0,1.53
217,2023-02-12,Leeds,Man United,3.75,3.8,1.91
218,2023-02-12,Man City,Aston Villa,1.25,6.5,11.0
219,2023-02-13,Liverpool,Everton,1.5,4.33,6.5
220,2023-02-15,Arsenal,Man City,2.9,3.5,2.35
221,2023-02-18,Aston Villa,Arsenal,4.5,3.6,1.5
222,2023-02-18,Brentford,Crystal Palace,1.83,3.5,4.5
223,2023-02-18,Brighton,Fulham,1.65,3.8,5.5
224,2023-02-18,Chelsea,Southampton,1.4,4.75,8.5
225,2023-02-18,Everton,Leeds,2.4,3.3,3.0
226,2023-02-18,Nott'm Forest,Man City,8.5,5.5,1.3
227,2023-02-18,Wolves,Bournemouth,1.67,3.6,6.0
228,2023-02-18,Newcastle,Liverpool,2.5,3.5,2.7
229,2023-02-19,Man United,Leicester,1.62,4.33,5.25
230,2023-02-19,Tottenham,West Ham,1.75,3.6,4.75
231,2023-02-24,Fulham,Wolves,2.5,3.2,3.0
232,2023-02-25,Everton,Aston Villa,2.5,3.2,3.0
233,2023-02-25,Leeds,Southampton,1.95,3.5,4.0
234,2023-02-25,Leicester,Arsenal,4.75,4.0,1.7
235,2023-02-25,West Ham,Nott'm Forest,1.75,3.6,5.0
236,2023-02-25,Bournemouth,Man City,10.0,5.75,1.29
237,2023-02-25,Crystal Palace,Liverpool,4.75,3.8,1.73
238,2023-02-26,Tottenham,Chelsea,2.55,3.25,2.9
239,2023-03-01,Arsenal,Everton,1.36,4.75,10.0
240,2023-03-01,Liverpool,Wolves,1.5,4.75,6.0
241,2023-03-04,Man City,Newcastle,1.45,4.5,7.0
242,2023-03-04,Arsenal,Bournemouth,1.22,7.0,12.0
243,2023-03-04,Aston Villa,Crystal Palace,2.05,3.3,3.8
244,2023-03-04,Brighton,West Ham,1.8,3.6,4.5
245,2023-03-04,Chelsea,Leeds,1.62,4.0,5.5
246,2023-03-04,Wolves,Tottenham,3.3,3.4,2.2
247,2023-03-04,Southampton,Leicester,2.75,3.3,2.6
248,2023-03-05,Nott'm Forest,Everton,2.7,3.0,2.88
249,2023-03-05,Liverpool,Man United,2.38,3.6,2.88
250,2023-03-06,Brentford,Fulham,1.95,3.6,3.75
251,2023-03-11,Bournemouth,Liverpool,7.5,5.0,1.4
252,2023-03-11,Everton,Brentford,2.7,3.25,2.7
253,2023-03-11,Leeds,Brighton,3.75,3.6,1.95
254,2023-03-11,Leicester,Chelsea,3.75,3.5,1.95
255,2023-03-11,Tottenham,Nott'm Forest,1.44,4.75,7.0
256,2023-03-11,Crystal Palace,Man City,9.0,4.75,1.36
257,2023-03-12,Fulham,Arsenal,6.0,4.0,1.57
258,2023-03-12,Man United,Southampton,1.36,5.0,9.0
259,2023-03-12,West Ham,Aston Villa,2.2,3.3,3.4
260,2023-03-12,Newcastle,Wolves,1.65,3.75,5.5
261,2023-03-15,Brighton,Crystal Palace,1.44,4.2,8.0
262,2023-03-15,Southampton,Brentford,2.88,3.25,2.5
0,2020-09-12,Fulham,Arsenal,6.0,4.33,1.53
1,2020-09-12,Crystal Palace,Southampton,3.1,3.25,2.37
2,2020-09-12,Liverpool,Leeds,1.28,6.0,9.5
3,2020-09-12,West Ham,Newcastle,2.15,3.4,3.4
4,2020-09-13,West Brom,Leicester,3.8,3.6,1.95
5,2020-09-13,Tottenham,Everton,1.83,3.6,4.33
6,2020-09-14,Brighton,Chelsea,5.0,4.33,1.61
7,2020-09-14,Sheffield United,Wolves,3.25,3.1,2.37
8,2020-09-19,Everton,West Brom,1.5,4.2,6.5
9,2020-09-19,Leeds,Fulham,1.61,3.9,5.75
10,2020-09-19,Man United,Crystal Palace,1.3,5.5,9.5
11,2020-09-19,Arsenal,West Ham,1.53,4.5,5.5
12,2020-09-20,Southampton,Tottenham,3.0,3.3,2.37
13,2020-09-20,Newcastle,Brighton,2.6,3.1,2.87
14,2020-09-20,Chelsea,Liverpool,3.1,3.6,2.2
15,2020-09-20,Leicester,Burnley,1.61,4.0,5.5
16,2020-09-21,Aston Villa,Sheffield United,2.7,3.1,2.75
17,2020-09-21,Wolves,Man City,6.5,4.33,1.5
18,2020-09-26,Brighton,Man United,4.75,3.75,1.72
19,2020-09-26,Crystal Palace,Everton,3.75,3.25,2.1
20,2020-09-26,West Brom,Chelsea,9.0,4.75,1.36
21,2020-09-26,Burnley,Southampton,3.2,3.3,2.3
22,2020-09-27,Sheffield United,Leeds,2.7,3.3,2.62
23,2020-09-27,Tottenham,Newcastle,1.45,4.5,7.0
24,2020-09-27,Man City,Leicester,1.28,6.0,9.5
25,2020-09-27,West Ham,Wolves,3.6,3.5,2.05
26,2020-09-28,Fulham,Aston Villa,2.9,3.25,2.5
27,2020-09-28,Liverpool,Arsenal,1.45,4.75,6.5
28,2020-10-03,Chelsea,Crystal Palace,1.4,4.75,8.0
29,2020-10-03,Everton,Brighton,1.72,3.75,4.8
30,2020-10-03,Leeds,Man City,7.5,5.25,1.36
31,2020-10-03,Newcastle,Burnley,2.4,3.2,3.1
32,2020-10-04,Leicester,West Ham,1.61,4.2,5.25
33,2020-10-04,Southampton,West Brom,1.72,3.8,4.75
34,2020-10-04,Arsenal,Sheffield United,1.57,4.0,6.0
35,2020-10-04,Wolves,Fulham,1.5,4.0,7.5
36,2020-10-04,Man United,Tottenham,1.85,3.8,4.0
37,2020-10-04,Aston Villa,Liverpool,10.0,5.5,1.3
38,2020-10-17,Everton,Liverpool,3.75,4.2,1.83
39,2020-10-17,Chelsea,Southampton,1.45,4.75,6.5
40,2020-10-17,Man City,Arsenal,1.44,5.0,6.5
41,2020-10-17,Newcastle,Man United,4.75,4.0,1.66
42,2020-10-18,Sheffield United,Fulham,2.1,3.3,3.7
43,2020-10-18,Crystal Palace,Brighton,2.62,3.3,2.7
44,2020-10-18,Tottenham,West Ham,1.57,4.33,5.5
45,2020-10-18,Leicester,Aston Villa,1.83,3.8,4.1
46,2020-10-19,West Brom,Burnley,2.45,3.3,2.9
47,2020-10-19,Leeds,Wolves,2.5,3.3,2.87
48,2020-10-23,Aston Villa,Leeds,2.05,3.75,3.3
49,2020-10-24,West Ham,Man City,8.0,5.25,1.36
50,2020-10-24,Fulham,Crystal Palace,2.75,3.1,2.7
51,2020-10-24,Man United,Chelsea,2.37,3.6,2.8
52,2020-10-24,Liverpool,Sheffield United,1.22,6.5,12.0
53,2020-10-25,Southampton,Everton,2.75,3.4,2.55
54,2020-10-25,Wolves,Newcastle,1.75,3.5,5.25
55,2020-10-25,Arsenal,Leicester,1.9,3.75,3.8
56,2020-10-26,Brighton,West Brom,1.7,4.0,4.75
57,2020-10-26,Burnley,Tottenham,5.75,4.0,1.6
58,2020-10-30,Wolves,Crystal Palace,2.0,3.2,4.33
59,2020-10-31,Sheffield United,Man City,9.5,6.0,1.28
60,2020-10-31,Burnley,Chelsea,6.0,4.5,1.5
61,2020-10-31,Liverpool,West Ham,1.36,5.25,7.5
62,2020-11-01,Aston Villa,Southampton,2.45,3.5,2.8
63,2020-11-01,Newcastle,Everton,3.7,3.4,2.05
64,2020-11-01,Man United,Arsenal,2.0,3.6,3.6
65,2020-11-01,Tottenham,Brighton,1.61,4.0,5.5
66,2020-11-02,Fulham,West Brom,2.4,3.3,3.0
67,2020-11-02,Leeds,Leicester,2.5,3.6,2.62
68,2020-11-06,Brighton,Burnley,1.85,3.5,4.33
69,2020-11-06,Southampton,Newcastle,2.0,3.6,3.7
70,2020-11-07,Everton,Man United,2.9,3.5,2.37
71,2020-11-07,Crystal Palace,Leeds,2.87,3.4,2.45
72,2020-11-07,Chelsea,Sheffield United,1.36,5.0,8.5
73,2020-11-07,West Ham,Fulham,1.83,3.75,4.2
74,2020-11-08,West Brom,Tottenham,7.0,4.33,1.45
75,2020-11-08,Leicester,Wolves,2.3,3.2,3.25
76,2020-11-08,Man City,Liverpool,1.95,4.2,3.4
77,2020-11-08,Arsenal,Aston Villa,1.65,4.1,5.0
78,2020-11-21,Newcastle,Chelsea,6.5,4.75,1.45
79,2020-11-21,Aston Villa,Brighton,2.15,3.6,3.2
80,2020-11-21,Tottenham,Man City,4.0,4.0,1.8
81,2020-11-21,Man United,West Brom,1.3,5.5,9.5
82,2020-11-22,Fulham,Everton,3.9,3.9,1.85
83,2020-11-22,Sheffield United,West Ham,3.0,3.25,2.4
84,2020-11-22,Leeds,Arsenal,3.0,3.75,2.2
85,2020-11-22,Liverpool,Leicester,1.85,4.0,3.8
86,2020-11-23,Burnley,Crystal Palace,2.75,3.1,2.75
87,2020-11-23,Wolves,Southampton,2.3,3.25,3.25
88,2020-11-27,Crystal Palace,Newcastle,2.05,3.25,3.75
89,2020-11-28,Brighton,Liverpool,5.5,4.2,1.57
90,2020-11-28,Man City,Burnley,1.16,7.5,16.0
91,2020-11-28,Everton,Leeds,1.95,3.8,3.6
92,2020-11-28,West Brom,Sheffield United,2.6,3.2,2.8
93,2020-11-29,Southampton,Man United,4.0,3.5,1.95
94,2020-11-29,Chelsea,Tottenham,2.05,3.5,3.6
95,2020-11-29,Arsenal,Wolves,2.05,3.4,3.75
96,2020-11-30,Leicester,Fulham,1.5,4.33,6.5
97,2020-11-30,West Ham,Aston Villa,2.25,3.6,3.0
98,2020-12-05,Burnley,Everton,4.0,3.5,1.9
99,2020-12-05,Man City,Fulham,1.1,11.0,19.0
100,2020-12-05,West Ham,Man United,3.6,3.6,2.0
101,2020-12-05,Chelsea,Leeds,1.5,4.5,6.0
102,2020-12-06,West Brom,Crystal Palace,2.87,3.2,2.55
103,2020-12-06,Sheffield United,Leicester,3.8,3.5,1.95
104,2020-12-06,Tottenham,Arsenal,1.95,3.6,3.8
105,2020-12-06,Liverpool,Wolves,1.5,4.33,6.5
106,2020-12-07,Brighton,Southampton,2.45,3.4,2.9
107,2020-12-11,Leeds,West Ham,2.15,3.7,3.1
108,2020-12-12,Wolves,Aston Villa,2.25,3.25,3.25
109,2020-12-12,Newcastle,West Brom,2.45,3.2,3.0
110,2020-12-12,Man United,Man City,4.33,4.2,1.72
111,2020-12-12,Everton,Chelsea,4.33,4.2,1.7
112,2020-12-13,Southampton,Sheffield United,1.7,3.75,5.0
113,2020-12-13,Crystal Palace,Tottenham,4.5,3.9,1.72
114,2020-12-13,Fulham,Liverpool,9.0,5.5,1.3
115,2020-12-13,Arsenal,Burnley,1.53,4.2,6.25
116,2020-12-13,Leicester,Brighton,2.0,3.5,3.8
117,2020-12-15,Wolves,Chelsea,5.25,3.8,1.66
118,2020-12-15,Man City,West Brom,1.09,11.0,21.0
119,2020-12-16,Arsenal,Southampton,2.25,3.5,3.1
120,2020-12-16,Leeds,Newcastle,1.75,4.0,4.33
121,2020-12-16,Leicester,Everton,2.15,3.6,3.25
122,2020-12-16,Fulham,Brighton,2.87,3.3,2.5
123,2020-12-16,Liverpool,Tottenham,1.75,3.8,4.5
124,2020-12-16,West Ham,Crystal Palace,2.05,3.4,3.6
125,2020-12-17,Aston Villa,Burnley,1.75,3.8,4.5
126,2020-12-17,Sheffield United,Man United,7.0,4.6,1.44
127,2020-12-19,Crystal Palace,Liverpool,6.5,4.33,1.5
128,2020-12-19,Southampton,Man City,7.0,4.5,1.44
129,2020-12-19,Everton,Arsenal,2.45,3.5,2.8
130,2020-12-19,Newcastle,Fulham,2.5,3.25,2.9
131,2020-12-20,Brighton,Sheffield United,1.65,3.75,5.5
132,2020-12-20,Tottenham,Leicester,2.05,3.5,3.6
133,2020-12-20,Man United,Leeds,1.66,4.33,4.5
134,2020-12-20,West Brom,Aston Villa,3.6,3.8,1.95
135,2020-12-21,Burnley,Wolves,3.5,3.25,2.2
136,2020-12-21,Chelsea,West Ham,1.44,5.0,6.25
137,2020-12-26,Leicester,Man United,2.9,3.6,2.3
138,2020-12-26,Aston Villa,Crystal Palace,1.9,3.75,3.8
139,2020-12-26,Fulham,Southampton,3.2,3.3,2.3
140,2020-12-26,Arsenal,Chelsea,4.0,3.6,1.9
141,2020-12-26,Man City,Newcastle,1.11,10.0,19.0
142,2020-12-26,Sheffield United,Everton,4.2,3.6,1.85
143,2020-12-27,Leeds,Burnley,1.72,4.0,4.33
144,2020-12-27,West Ham,Brighton,2.3,3.4,3.1
145,2020-12-27,Liverpool,West Brom,1.11,10.0,19.0
146,2020-12-27,Wolves,Tottenham,3.6,3.25,2.15
147,2020-12-28,Crystal Palace,Leicester,3.75,3.5,2.0
148,2020-12-28,Chelsea,Aston Villa,1.61,4.2,5.0
149,2020-12-29,Brighton,Arsenal,3.25,3.5,2.2
150,2020-12-29,Burnley,Sheffield United,2.37,3.1,3.25
151,2020-12-29,Southampton,West Ham,2.1,3.6,3.4
152,2020-12-29,West Brom,Leeds,3.6,3.6,2.0
153,2020-12-29,Man United,Wolves,1.53,4.2,6.25
154,2020-12-30,Newcastle,Liverpool,12.0,6.0,1.25
155,2021-01-01,Everton,West Ham,2.1,3.5,3.5
156,2021-01-01,Man United,Aston Villa,1.72,4.2,4.2
157,2021-01-02,Tottenham,Leeds,1.75,4.1,4.2
158,2021-01-02,Crystal Palace,Sheffield United,1.95,3.5,3.9
159,2021-01-02,Brighton,Wolves,2.62,3.25,2.75
160,2021-01-02,West Brom,Arsenal,5.75,4.0,1.57
161,2021-01-03,Newcastle,Leicester,5.25,4.2,1.61
162,2021-01-03,Chelsea,Man City,3.0,3.7,2.2
163,2021-01-04,Southampton,Liverpool,5.0,4.33,1.61
164,2021-01-12,Sheffield United,Newcastle,2.45,3.1,3.1
165,2021-01-12,Burnley,Man United,7.0,4.5,1.45
166,2021-01-12,Wolves,Everton,2.45,3.1,3.1
167,2021-01-13,Man City,Brighton,1.14,8.5,16.0
168,2021-01-13,Tottenham,Fulham,1.36,5.0,8.5
169,2021-01-14,Arsenal,Crystal Palace,1.53,4.0,6.5
170,2021-01-16,Wolves,West Brom,1.6,3.5,7.0
171,2021-01-16,Leeds,Brighton,2.1,3.5,3.4
172,2021-01-16,West Ham,Burnley,1.8,3.5,4.75
173,2021-01-16,Fulham,Chelsea,6.5,4.33,1.5
174,2021-01-16,Leicester,Southampton,1.8,3.75,4.5
175,2021-01-17,Sheffield United,Tottenham,6.25,3.75,1.6
176,2021-01-17,Liverpool,Man United,1.95,3.8,3.6
177,2021-01-17,Man City,Crystal Palace,1.14,8.5,17.0
178,2021-01-18,Arsenal,Newcastle,1.4,4.5,8.0
179,2021-01-19,West Ham,West Brom,1.57,4.2,5.5
180,2021-01-19,Leicester,Chelsea,2.87,3.4,2.45
181,2021-01-20,Man City,Aston Villa,1.22,6.5,12.0
182,2021-01-20,Fulham,Man United,6.0,4.33,1.53
183,2021-01-21,Liverpool,Burnley,1.18,7.5,15.0
184,2021-01-23,Aston Villa,Newcastle,1.45,4.75,6.5
185,2021-01-26,Crystal Palace,West Ham,3.1,3.25,2.37
186,2021-01-26,Newcastle,Leeds,3.9,3.8,1.85
187,2021-01-26,Southampton,Arsenal,3.5,3.6,2.05
188,2021-01-26,West Brom,Man City,15.0,7.5,1.18
189,2021-01-27,Burnley,Aston Villa,3.8,3.5,1.95
190,2021-01-27,Chelsea,Wolves,1.6,4.2,5.25
191,2021-01-27,Brighton,Fulham,2.05,3.4,3.75
192,2021-01-27,Everton,Leicester,2.8,3.3,2.55
193,2021-01-27,Man United,Sheffield United,1.25,6.0,11.0
194,2021-01-28,Tottenham,Liverpool,3.2,3.6,2.2
195,2021-01-30,Everton,Newcastle,1.55,4.0,6.5
196,2021-01-30,Crystal Palace,Wolves,2.87,3.2,2.55
197,2021-01-30,Man City,Sheffield United,1.12,9.0,18.0
198,2021-01-30,West Brom,Fulham,3.3,3.2,2.3
199,2021-01-30,Arsenal,Man United,2.8,3.5,2.45
200,2021-01-30,Southampton,Aston Villa,2.8,3.6,2.37
201,2021-01-31,Chelsea,Burnley,1.33,5.0,9.5
202,2021-01-31,Leicester,Leeds,1.8,4.0,4.2
203,2021-01-31,West Ham,Liverpool,4.33,4.0,1.75
204,2021-01-31,Brighton,Tottenham,3.2,3.4,2.25
205,2021-02-02,Sheffield United,West Brom,2.0,3.3,4.0
206,2021-02-02,Wolves,Arsenal,3.6,3.3,2.1
207,2021-02-02,Man United,Southampton,1.4,4.75,7.0
208,2021-02-02,Newcastle,Crystal Palace,2.8,3.2,2.6
209,2021-02-03,Burnley,Man City,13.0,7.0,1.2
210,2021-02-03,Fulham,Leicester,4.0,3.5,1.9
211,2021-02-03,Leeds,Everton,2.5,3.5,2.7
212,2021-02-03,Aston Villa,West Ham,2.2,3.4,3.25
213,2021-02-03,Liverpool,Brighton,1.33,5.25,9.0
214,2021-02-04,Tottenham,Chelsea,3.5,3.4,2.1
215,2021-02-06,Aston Villa,Arsenal,2.62,3.5,2.6
216,2021-02-06,Burnley,Brighton,3.6,3.1,2.2
217,2021-02-06,Newcastle,Southampton,3.0,3.3,2.4
218,2021-02-06,Fulham,West Ham,3.6,3.5,2.05
219,2021-02-06,Man United,Everton,1.53,4.2,6.0
220,2021-02-07,Tottenham,West Brom,1.45,4.5,7.0
221,2021-02-07,Wolves,Leicester,3.5,3.4,2.1
222,2021-02-07,Liverpool,Man City,3.4,3.6,2.05
223,2021-02-07,Sheffield United,Chelsea,7.0,4.5,1.45
224,2021-02-08,Leeds,Crystal Palace,1.8,3.8,4.2
225,2021-02-13,Leicester,Liverpool,3.5,3.4,2.1
226,2021-02-13,Crystal Palace,Burnley,2.37,3.1,3.2
227,2021-02-13,Man City,Tottenham,1.28,5.75,9.5
228,2021-02-13,Brighton,Aston Villa,2.7,3.5,2.5
229,2021-02-14,Southampton,Wolves,2.37,3.2,3.1
230,2021-02-14,West Brom,Man United,10.0,5.5,1.3
231,2021-02-14,Arsenal,Leeds,1.83,3.8,4.0
232,2021-02-14,Everton,Fulham,1.85,3.6,4.2
233,2021-02-15,West Ham,Sheffield United,1.66,3.75,5.25
234,2021-02-15,Chelsea,Newcastle,1.22,6.5,12.0
235,2021-02-17,Burnley,Fulham,2.75,3.2,2.7
236,2021-02-17,Everton,Man City,8.5,5.5,1.33
237,2021-02-19,Wolves,Leeds,2.37,3.3,3.0
238,2021-02-20,Southampton,Chelsea,5.0,3.8,1.7
239,2021-02-20,Burnley,West Brom,2.0,3.3,4.0
240,2021-02-20,Liverpool,Everton,1.44,4.5,7.0
241,2021-02-20,Fulham,Sheffield United,2.15,3.2,3.6
242,2021-02-21,West Ham,Tottenham,2.62,3.4,2.7
243,2021-02-21,Aston Villa,Leicester,2.87,3.5,2.4
244,2021-02-21,Arsenal,Man City,6.5,4.33,1.5
245,2021-02-21,Man United,Newcastle,1.28,5.5,10.0
246,2021-02-22,Brighton,Crystal Palace,1.7,3.5,5.5
247,2021-02-23,Leeds,Southampton,2.25,3.5,3.1
248,2021-02-27,Man City,West Ham,1.22,6.5,12.0
249,2021-02-27,West Brom,Brighton,4.2,3.3,1.95
250,2021-02-27,Leeds,Aston Villa,2.15,3.6,3.2
251,2021-02-27,Newcastle,Wolves,3.5,3.2,2.2
252,2021-02-28,Crystal Palace,Fulham,3.5,3.2,2.2
253,2021-02-28,Leicester,Arsenal,2.5,3.4,2.8
254,2021-02-28,Tottenham,Burnley,1.53,4.0,6.5
255,2021-02-28,Chelsea,Man United,2.15,3.4,3.4
256,2021-02-28,Sheffield United,Liverpool,8.0,5.0,1.36
257,2021-03-01,Everton,Southampton,2.15,3.5,3.3
258,2021-03-02,Man City,Wolves,1.18,7.0,15.0
259,2021-03-03,Burnley,Leicester,4.0,3.25,2.0
260,2021-03-03,Sheffield United,Aston Villa,3.75,3.4,2.05
261,2021-03-03,Crystal Palace,Man United,8.0,4.75,1.4
262,2021-03-04,Fulham,Tottenham,4.0,3.6,1.9
263,2021-03-04,West Brom,Everton,4.33,3.6,1.83
264,2021-03-04,Liverpool,Chelsea,2.25,3.6,3.0
265,2021-03-06,Burnley,Arsenal,5.5,4.0,1.61
266,2021-03-06,Sheffield United,Southampton,3.6,3.5,2.0
267,2021-03-06,Aston Villa,Wolves,2.37,3.25,3.1
268,2021-03-06,Brighton,Leicester,2.55,3.25,2.8
269,2021-03-07,West Brom,Newcastle,2.37,3.2,3.1
270,2021-03-07,Liverpool,Fulham,1.36,5.0,8.5
271,2021-03-07,Man City,Man United,1.45,4.5,7.0
272,2021-03-07,Tottenham,Crystal Palace,1.45,4.5,7.0
273,2021-03-08,Chelsea,Everton,1.53,4.0,6.5
274,2021-03-08,West Ham,Leeds,2.05,3.6,3.5
275,2021-03-10,Man City,Southampton,1.18,7.5,15.0
276,2021-03-12,Newcastle,Aston Villa,3.8,3.3,2.05
277,2021-03-13,Leeds,Chelsea,4.75,4.0,1.7
278,2021-03-13,Crystal Palace,West Brom,2.15,3.2,3.6
279,2021-03-13,Everton,Burnley,1.83,3.5,4.5
280,2021-03-13,Fulham,Man City,10.0,5.0,1.33
281,2021-03-14,Southampton,Brighton,2.9,3.1,2.5
282,2021-03-14,Leicester,Sheffield United,1.5,4.2,6.5
283,2021-03-14,Arsenal,Tottenham,2.55,3.4,2.75
284,2021-03-14,Man United,West Ham,1.83,3.6,4.33
285,2021-03-15,Wolves,Liverpool,4.75,3.75,1.72
286,2021-03-19,Fulham,Leeds,2.37,3.4,3.0
287,2021-03-20,Brighton,Newcastle,1.66,3.5,6.0
288,2021-03-21,West Ham,Arsenal,2.8,3.5,2.45
289,2021-03-21,Aston Villa,Tottenham,2.9,3.3,2.45
290,2021-04-03,Chelsea,West Brom,1.22,6.0,15.0
291,2021-04-03,Leeds,Sheffield United,1.5,4.33,6.5
292,2021-04-03,Leicester,Man City,6.0,4.2,1.53
293,2021-04-03,Arsenal,Liverpool,3.1,3.7,2.15
294,2021-04-04,Southampton,Burnley,2.05,3.3,3.8
295,2021-04-04,Newcastle,Tottenham,5.5,4.0,1.6
296,2021-04-04,Aston Villa,Fulham,2.25,3.3,3.3
297,2021-04-04,Man United,Brighton,1.61,4.0,5.5
298,2021-04-05,Everton,Crystal Palace,1.75,3.5,5.0
299,2021-04-05,Wolves,West Ham,2.87,3.2,2.55
300,2021-04-09,Fulham,Wolves,2.5,3.0,3.1
301,2021-04-10,Man City,Leeds,1.28,5.75,10.0
302,2021-04-10,Liverpool,Aston Villa,1.5,4.33,6.5
303,2021-04-10,Crystal Palace,Chelsea,7.0,3.8,1.53
304,2021-04-11,Burnley,Newcastle,2.3,3.1,3.4
305,2021-04-11,West Ham,Leicester,3.0,3.3,2.37
306,2021-04-11,Tottenham,Man United,2.87,3.4,2.45
307,2021-04-11,Sheffield United,Arsenal,6.5,3.75,1.57
308,2021-04-12,West Brom,Southampton,3.6,3.3,2.1
309,2021-04-12,Brighton,Everton,2.25,3.3,3.3
310,2021-04-16,Everton,Tottenham,3.4,3.5,2.1
311,2021-04-17,Newcastle,West Ham,3.5,3.5,2.05
312,2021-04-17,Wolves,Sheffield United,1.66,3.5,5.75
313,2021-04-18,Arsenal,Fulham,1.7,3.8,4.8
314,2021-04-18,Man United,Burnley,1.33,5.25,9.0
315,2021-04-19,Leeds,Liverpool,4.5,4.33,1.66
316,2021-04-20,Chelsea,Brighton,1.57,4.0,6.0
317,2021-04-21,Tottenham,Southampton,1.75,3.8,4.5
318,2021-04-21,Aston Villa,Man City,9.0,4.75,1.36
319,2021-04-22,Leicester,West Brom,1.53,3.8,6.0
320,2021-04-23,Arsenal,Everton,2.0,3.5,3.75
321,2021-04-24,Liverpool,Newcastle,1.22,6.5,12.0
322,2021-04-24,West Ham,Chelsea,4.75,3.6,1.75
323,2021-04-24,Sheffield United,Brighton,5.25,3.4,1.75
324,2021-04-25,Wolves,Burnley,2.0,3.4,3.9
325,2021-04-25,Leeds,Man United,4.0,4.2,1.75
326,2021-04-25,Aston Villa,West Brom,1.85,3.6,4.2
327,2021-04-26,Leicester,Crystal Palace,1.4,4.33,8.5
328,2021-04-30,Southampton,Leicester,3.8,3.8,1.9
329,2021-05-01,Crystal Palace,Man City,10.0,5.0,1.33
330,2021-05-01,Brighton,Leeds,2.05,3.5,3.5
331,2021-05-01,Chelsea,Fulham,1.44,4.4,7.5
332,2021-05-01,Everton,Aston Villa,1.95,3.6,3.8
333,2021-05-02,Newcastle,Arsenal,3.6,3.6,2.0
334,2021-05-02,Tottenham,Sheffield United,1.25,6.0,12.0
335,2021-05-03,West Brom,Wolves,2.9,3.2,2.5
336,2021-05-03,Burnley,West Ham,3.1,3.6,2.2
337,2021-05-07,Leicester,Newcastle,1.4,4.75,8.0
338,2021-05-08,Leeds,Tottenham,3.4,3.8,2.0
339,2021-05-08,Sheffield United,Crystal Palace,3.0,3.2,2.45
340,2021-05-08,Man City,Chelsea,1.9,3.4,4.2
341,2021-05-08,Liverpool,Southampton,1.25,6.0,11.0
342,2021-05-09,Wolves,Brighton,3.3,3.3,2.2
343,2021-05-09,Aston Villa,Man United,4.2,3.8,1.8
344,2021-05-09,West Ham,Everton,2.2,3.5,3.2
345,2021-05-09,Arsenal,West Brom,1.44,4.5,7.0
346,2021-05-10,Fulham,Burnley,2.2,3.4,3.3
347,2021-05-11,Man United,Leicester,2.5,3.4,2.8
348,2021-05-11,Southampton,Crystal Palace,2.05,3.6,3.5
349,2021-05-12,Chelsea,Arsenal,1.65,4.0,5.0
350,2021-05-13,Aston Villa,Everton,2.7,3.4,2.6
351,2021-05-13,Man United,Liverpool,3.0,3.75,2.2
352,2021-05-14,Newcastle,Man City,11.0,6.0,1.25
353,2021-05-15,Burnley,Leeds,3.2,3.75,2.1
354,2021-05-15,Southampton,Fulham,2.0,3.6,3.6
355,2021-05-15,Brighton,West Ham,2.9,3.6,2.3
356,2021-05-16,Crystal Palace,Aston Villa,3.0,3.6,2.25
357,2021-05-16,Tottenham,Wolves,1.5,4.33,6.5
358,2021-05-16,West Brom,Liverpool,12.0,6.5,1.22
359,2021-05-16,Everton,Sheffield United,1.36,4.75,8.5
360,2021-05-18,Man United,Fulham,1.28,6.0,9.0
361,2021-05-18,Southampton,Leeds,2.55,3.9,2.5
362,2021-05-18,Brighton,Man City,7.0,4.5,1.45
363,2021-05-18,Chelsea,Leicester,1.7,3.75,5.0
364,2021-05-19,Everton,Wolves,1.85,3.6,4.2
365,2021-05-19,Newcastle,Sheffield United,1.72,3.8,4.75
366,2021-05-19,Tottenham,Aston Villa,1.5,4.5,6.0
367,2021-05-19,Crystal Palace,Arsenal,6.0,4.5,1.5
368,2021-05-19,Burnley,Liverpool,11.0,7.0,1.22
369,2021-05-19,West Brom,West Ham,5.0,4.33,1.6
370,2021-05-23,Arsenal,Brighton,1.57,4.33,5.25
371,2021-05-23,Aston Villa,Chelsea,6.5,4.6,1.45
372,2021-05-23,Fulham,Newcastle,2.05,3.8,3.3
373,2021-05-23,Leeds,West Brom,1.4,5.25,6.5
374,2021-05-23,Leicester,Tottenham,2.0,4.0,3.3
375,2021-05-23,Liverpool,Crystal Palace,1.14,8.5,15.0
376,2021-05-23,Man City,Everton,1.44,5.0,6.5
377,2021-05-23,Sheffield United,Burnley,2.8,3.6,2.4
378,2021-05-23,West Ham,Southampton,1.65,4.0,5.0
379,2021-05-23,Wolves,Man United,2.5,3.5,2.7
1023,2021-08-13,Arsenal,Brentford,1.95,3.4,4.0
1024,2021-08-14,Leeds,Man United,5.75,4.5,1.53
1025,2021-08-14,Brighton,Burnley,2.45,3.1,3.1
1026,2021-08-14,Crystal Palace,Chelsea,13.0,5.75,1.25
1027,2021-08-14,Southampton,Everton,4.0,3.5,1.9
1028,2021-08-14,Wolves,Leicester,5.25,3.8,1.66
1029,2021-08-14,Aston Villa,Watford,2.37,3.2,3.1
1030,2021-08-14,Liverpool,Norwich,1.3,5.75,9.0
1031,2021-08-15,West Ham,Newcastle,2.2,3.5,3.2
1032,2021-08-15,Man City,Tottenham,1.6,4.2,5.5
1033,2021-08-21,Burnley,Liverpool,13.0,7.5,1.18
1034,2021-08-21,Newcastle,Aston Villa,4.33,3.75,1.8
1035,2021-08-21,Brentford,Crystal Palace,2.87,3.2,2.55
1036,2021-08-21,Everton,Leeds,3.0,3.4,2.37
1037,2021-08-21,Norwich,Man City,26.0,11.0,1.08
1038,2021-08-21,Watford,Brighton,5.75,3.5,1.7
1039,2021-08-22,Man United,Southampton,1.57,4.2,5.5
1040,2021-08-22,Tottenham,Wolves,2.35,3.2,3.2
1041,2021-08-22,Chelsea,Arsenal,1.72,3.75,4.75
1042,2021-08-23,Leicester,West Ham,2.75,3.5,2.5
1043,2021-08-28,Arsenal,Man City,12.0,6.0,1.25
1044,2021-08-28,Brentford,Aston Villa,3.8,3.6,1.95
1045,2021-08-28,Everton,Brighton,3.3,3.2,2.3
1046,2021-08-28,Southampton,Newcastle,2.8,3.4,2.5
1047,2021-08-28,Leicester,Norwich,1.85,3.5,4.5
1048,2021-08-28,Crystal Palace,West Ham,6.5,4.0,1.55
1049,2021-08-28,Chelsea,Liverpool,2.9,3.3,2.45
1050,2021-08-29,Leeds,Burnley,2.25,3.5,3.1
1051,2021-08-29,Watford,Tottenham,9.0,4.75,1.36
1052,2021-08-29,Man United,Wolves,1.75,3.5,5.0
1053,2021-09-11,Tottenham,Crystal Palace,1.9,3.5,4.2
1054,2021-09-11,Norwich,Arsenal,6.0,4.6,1.5
1055,2021-09-11,Brighton,Brentford,2.62,3.2,2.8
1056,2021-09-11,Man City,Leicester,1.57,4.0,6.0
1057,2021-09-11,Newcastle,Man United,15.0,7.5,1.18
1058,2021-09-11,West Ham,Southampton,2.4,3.5,2.9
1059,2021-09-11,Wolves,Watford,2.25,3.2,3.4
1060,2021-09-11,Aston Villa,Chelsea,11.0,5.5,1.28
1061,2021-09-12,Liverpool,Leeds,1.75,4.0,4.33
1062,2021-09-13,Burnley,Everton,5.0,3.75,1.7
1063,2021-09-17,Leeds,Newcastle,2.3,3.6,3.0
1064,2021-09-18,Brentford,Wolves,5.0,3.25,1.83
1065,2021-09-18,Arsenal,Burnley,1.95,3.6,3.8
1066,2021-09-18,Crystal Palace,Liverpool,13.0,7.0,1.2
1067,2021-09-18,Southampton,Man City,17.0,9.5,1.12
1068,2021-09-18,Watford,Norwich,3.5,3.3,2.15
1069,2021-09-18,Everton,Aston Villa,3.0,3.3,2.4
1070,2021-09-19,Leicester,Brighton,2.75,3.2,2.7
1071,2021-09-19,Man United,West Ham,1.75,4.0,4.33
1072,2021-09-19,Chelsea,Tottenham,1.7,3.8,5.0
1073,2021-09-25,Man City,Chelsea,2.75,3.2,2.62
1074,2021-09-25,Aston Villa,Man United,8.0,5.25,1.36
1075,2021-09-25,Norwich,Everton,5.75,3.8,1.61
1076,2021-09-25,West Ham,Leeds,2.25,3.6,3.0
1077,2021-09-25,Burnley,Leicester,6.0,4.0,1.57
1078,2021-09-25,Newcastle,Watford,3.3,3.4,2.2
1079,2021-09-25,Liverpool,Brentford,1.45,4.5,7.0
1080,2021-09-26,Wolves,Southampton,2.8,3.2,2.62
1081,2021-09-26,Tottenham,Arsenal,3.5,3.3,2.15
1082,2021-09-27,Brighton,Crystal Palace,2.45,3.2,3.1
1083,2021-10-02,Everton,Man United,7.5,4.33,1.45
1084,2021-10-02,Norwich,Burnley,4.33,3.6,1.85
1085,2021-10-02,Southampton,Chelsea,9.0,4.75,1.36
1086,2021-10-02,Watford,Leeds,4.75,4.0,1.7
1087,2021-10-02,Newcastle,Wolves,5.25,4.2,1.61
1088,2021-10-02,Arsenal,Brighton,2.4,3.25,3.0
1089,2021-10-03,Leicester,Crystal Palace,2.3,3.4,3.1
1090,2021-10-03,Aston Villa,Tottenham,3.4,3.6,2.1
1091,2021-10-03,Brentford,West Ham,4.75,3.75,1.75
1092,2021-10-03,Man City,Liverpool,2.4,3.5,2.87
1093,2021-10-16,Liverpool,Watford,1.33,5.5,8.5
1094,2021-10-16,Wolves,Aston Villa,3.5,3.25,2.15
1095,2021-10-16,Man United,Leicester,2.05,3.6,3.5
1096,2021-10-16,Burnley,Man City,19.0,9.0,1.12
1097,2021-10-16,Brighton,Norwich,2.1,3.4,3.6
1098,2021-10-16,Leeds,Southampton,3.0,3.5,2.3
1099,2021-10-16,Chelsea,Brentford,1.57,3.8,6.5
1100,2021-10-17,West Ham,Everton,2.8,3.4,2.5
1101,2021-10-17,Tottenham,Newcastle,2.05,3.6,3.5
1102,2021-10-18,Crystal Palace,Arsenal,6.0,3.8,1.6
1103,2021-10-22,Aston Villa,Arsenal,4.2,3.75,1.83
1104,2021-10-23,Norwich,Chelsea,15.0,7.0,1.18
1105,2021-10-23,Newcastle,Crystal Palace,4.0,3.6,1.9
1106,2021-10-23,Watford,Everton,5.5,3.8,1.65
1107,2021-10-23,Wolves,Leeds,2.87,3.4,2.4
1108,2021-10-23,Burnley,Southampton,3.9,3.5,1.95
1109,2021-10-23,Man City,Brighton,1.4,4.75,8.0
1110,2021-10-24,Leicester,Brentford,2.7,3.3,2.62
1111,2021-10-24,Tottenham,West Ham,3.0,3.5,2.3
1112,2021-10-24,Liverpool,Man United,2.2,3.6,3.1
1113,2021-10-30,Arsenal,Leicester,2.87,3.5,2.4
1114,2021-10-30,Brentford,Burnley,2.75,3.3,2.6
1115,2021-10-30,Brighton,Liverpool,13.0,6.5,1.22
1116,2021-10-30,Crystal Palace,Man City,19.0,8.0,1.14
1117,2021-10-30,Chelsea,Newcastle,1.36,5.0,8.5
1118,2021-10-30,Southampton,Watford,2.3,3.3,3.2
1119,2021-10-30,Man United,Tottenham,2.37,3.6,2.87
1120,2021-10-31,Leeds,Norwich,2.1,3.5,3.4
1121,2021-10-31,West Ham,Aston Villa,2.45,3.5,2.8
1122,2021-11-01,Everton,Wolves,3.5,3.2,2.2
1123,2021-11-05,Aston Villa,Southampton,3.75,3.6,1.95
1124,2021-11-06,Man City,Man United,1.7,4.0,4.75
1125,2021-11-06,Norwich,Brentford,5.75,4.0,1.6
1126,2021-11-06,Burnley,Chelsea,12.0,6.0,1.25
1127,2021-11-06,Wolves,Crystal Palace,3.0,3.2,2.45
1128,2021-11-06,Newcastle,Brighton,6.0,3.9,1.57
1129,2021-11-07,Watford,Arsenal,8.5,4.75,1.36
1130,2021-11-07,Tottenham,Everton,2.37,3.25,3.1
1131,2021-11-07,Leicester,Leeds,2.45,3.5,2.8
1132,2021-11-07,Liverpool,West Ham,1.7,4.0,4.75
1133,2021-11-20,Chelsea,Leicester,1.75,3.75,4.75
1134,2021-11-20,Brighton,Aston Villa,2.9,3.3,2.45
1135,2021-11-20,Crystal Palace,Burnley,2.7,3.2,2.7
1136,2021-11-20,Brentford,Newcastle,2.7,3.4,2.62
1137,2021-11-20,Southampton,Norwich,2.05,3.5,3.6
1138,2021-11-20,Man United,Watford,1.45,4.75,6.5
1139,2021-11-20,West Ham,Wolves,2.4,3.25,3.0
1140,2021-11-20,Arsenal,Liverpool,6.5,4.75,1.45
1141,2021-11-21,Everton,Man City,19.0,8.0,1.14
1142,2021-11-21,Leeds,Tottenham,4.5,4.2,1.7
1143,2021-11-27,Newcastle,Arsenal,7.0,4.75,1.44
1144,2021-11-27,Aston Villa,Crystal Palace,3.3,3.4,2.2
1145,2021-11-27,Southampton,Liverpool,9.0,6.0,1.28
1146,2021-11-27,Wolves,Norwich,2.15,3.3,3.5
1147,2021-11-27,Leeds,Brighton,3.75,3.4,2.05
1148,2021-11-28,Everton,Brentford,3.4,3.2,2.25
1149,2021-11-28,Watford,Leicester,5.5,4.0,1.61
1150,2021-11-28,West Ham,Man City,10.0,5.75,1.28
1151,2021-11-28,Man United,Chelsea,6.0,4.0,1.57
1152,2021-11-30,Norwich,Newcastle,3.9,3.5,1.95
1153,2021-11-30,Crystal Palace,Leeds,3.0,3.3,2.4
1154,2021-12-01,Leicester,Southampton,2.87,3.5,2.37
1155,2021-12-01,Chelsea,Watford,1.3,5.25,10.0
1156,2021-12-01,Brighton,West Ham,3.8,3.6,1.95
1157,2021-12-01,Burnley,Wolves,4.33,3.5,1.85
1158,2021-12-01,Man City,Aston Villa,1.33,5.25,9.0
1159,2021-12-01,Liverpool,Everton,1.36,5.25,7.5
1160,2021-12-02,Brentford,Tottenham,5.25,4.2,1.6
1161,2021-12-02,Arsenal,Man United,3.75,3.75,1.95
1162,2021-12-04,Chelsea,West Ham,1.75,3.6,4.75
1163,2021-12-04,Burnley,Newcastle,3.2,3.3,2.3
1164,2021-12-04,Brighton,Southampton,3.0,3.2,2.45
1165,2021-12-04,Liverpool,Wolves,1.4,4.75,8.0
1166,2021-12-04,Man City,Watford,1.2,7.0,12.0
1167,2021-12-05,Brentford,Leeds,3.8,3.6,1.95
1168,2021-12-05,Crystal Palace,Man United,6.5,4.33,1.5
1169,2021-12-05,Norwich,Tottenham,8.5,5.0,1.36
1170,2021-12-05,Leicester,Aston Villa,3.0,3.4,2.37
1171,2021-12-06,Arsenal,Everton,2.1,3.5,3.4
1172,2021-12-10,Watford,Brentford,3.3,3.3,2.25
1173,2021-12-11,Wolves,Man City,19.0,8.0,1.14
1174,2021-12-11,Southampton,Arsenal,5.5,4.0,1.61
1175,2021-12-11,Leeds,Chelsea,12.0,5.75,1.25
1176,2021-12-11,Aston Villa,Liverpool,13.0,7.0,1.2
1177,2021-12-11,Man United,Norwich,1.45,4.5,7.0
1178,2021-12-12,West Ham,Burnley,2.0,3.6,3.6
1179,2021-12-12,Newcastle,Leicester,4.75,4.1,1.66
1180,2021-12-12,Everton,Crystal Palace,3.3,3.2,2.3
1181,2021-12-14,Aston Villa,Norwich,2.25,3.3,3.3
1182,2021-12-14,Leeds,Man City,15.0,8.5,1.14
1183,2021-12-15,Wolves,Brighton,3.5,3.1,2.25
1184,2021-12-15,Southampton,Crystal Palace,3.5,3.3,2.15
1185,2021-12-15,West Ham,Arsenal,3.3,3.6,2.1
1186,2021-12-16,Everton,Chelsea,13.0,6.5,1.22
1187,2021-12-16,Newcastle,Liverpool,19.0,9.0,1.12
1188,2021-12-18,Arsenal,Leeds,1.83,3.8,3.9
1189,2021-12-19,Man City,Newcastle,1.18,7.5,13.0
1190,2021-12-19,Chelsea,Wolves,1.5,4.2,7.0
1191,2021-12-19,Liverpool,Tottenham,1.53,4.75,5.25
1192,2021-12-26,Leicester,Man City,13.0,7.5,1.18
1193,2021-12-26,Arsenal,Norwich,1.4,4.75,8.0
1194,2021-12-26,Crystal Palace,Tottenham,4.75,3.8,1.72
1195,2021-12-26,Southampton,West Ham,4.2,3.9,1.8
1196,2021-12-26,Chelsea,Aston Villa,1.65,3.8,5.25
1197,2021-12-26,Brentford,Brighton,4.2,3.4,1.9
1198,2021-12-27,Man United,Newcastle,1.44,4.75,6.5
1199,2021-12-28,Norwich,Crystal Palace,5.5,3.75,1.65
1200,2021-12-28,Tottenham,Southampton,2.0,3.5,3.75
1201,2021-12-28,West Ham,Watford,2.1,3.6,3.4
1202,2021-12-28,Liverpool,Leicester,1.33,5.5,8.0
1203,2021-12-29,Brighton,Chelsea,7.5,4.5,1.4
1204,2021-12-29,Man City,Brentford,1.14,8.0,19.0
1205,2021-12-30,Burnley,Man United,9.0,5.0,1.36
1206,2022-01-01,Man City,Arsenal,1.5,4.75,5.75
1207,2022-01-01,Tottenham,Watford,1.61,4.2,5.0
1208,2022-01-01,West Ham,Crystal Palace,2.3,3.4,3.1
1209,2022-01-02,Aston Villa,Brentford,2.4,3.3,3.0
1210,2022-01-02,Brighton,Everton,2.62,3.2,2.75
1211,2022-01-02,Burnley,Leeds,3.5,3.5,2.05
1212,2022-01-02,Liverpool,Chelsea,2.25,3.5,3.1
1213,2022-01-03,Wolves,Man United,6.0,4.33,1.53
1214,2022-01-11,Brentford,Southampton,3.6,3.4,2.05
1215,2022-01-12,Norwich,West Ham,10.0,5.5,1.28
1216,2022-01-14,Crystal Palace,Brighton,3.8,3.3,2.05
1217,2022-01-15,Chelsea,Man City,5.0,4.0,1.65
1218,2022-01-15,Watford,Newcastle,3.6,3.6,2.0
1219,2022-01-15,Everton,Norwich,2.0,3.5,3.75
1220,2022-01-15,Southampton,Wolves,3.4,3.2,2.25
1221,2022-01-15,Man United,Aston Villa,2.4,3.5,2.87
1222,2022-01-16,Brentford,Liverpool,10.0,5.5,1.3
1223,2022-01-16,Leeds,West Ham,5.0,4.2,1.61
1224,2022-01-18,Chelsea,Brighton,1.72,3.75,4.75
1225,2022-01-19,Tottenham,Leicester,2.3,3.5,3.0
1226,2022-01-19,Man United,Brentford,1.8,3.7,4.5
1227,2022-01-21,Norwich,Watford,3.75,3.5,2.0
1228,2022-01-22,Aston Villa,Everton,2.62,3.25,2.75
1229,2022-01-22,Wolves,Brentford,2.6,2.8,3.2
1230,2022-01-22,Newcastle,Leeds,3.75,3.5,2.0
1231,2022-01-22,West Ham,Man United,4.0,3.8,1.85
1232,2022-01-22,Man City,Southampton,1.25,6.5,10.0
1233,2022-01-23,Burnley,Arsenal,9.0,4.75,1.36
1234,2022-01-23,Liverpool,Crystal Palace,1.53,4.2,6.0
1235,2022-01-23,Brighton,Leicester,2.9,3.25,2.5
1236,2022-01-23,Tottenham,Chelsea,5.0,4.2,1.61
1237,2022-02-05,Watford,Burnley,3.5,3.25,2.2
1238,2022-02-08,Everton,Newcastle,2.87,3.25,2.5
1239,2022-02-08,Watford,West Ham,5.75,4.2,1.55
1240,2022-02-08,Man United,Burnley,1.61,4.0,5.5
1241,2022-02-09,Brentford,Man City,23.0,9.5,1.1
1242,2022-02-09,Crystal Palace,Norwich,2.15,3.25,3.5
1243,2022-02-09,Southampton,Tottenham,5.5,4.0,1.6
1244,2022-02-09,Leeds,Aston Villa,4.2,3.8,1.8
1245,2022-02-10,Leicester,Liverpool,10.0,6.5,1.25
1246,2022-02-10,Arsenal,Wolves,2.2,3.2,3.5
1247,2022-02-12,Southampton,Man United,5.5,4.0,1.6
1248,2022-02-12,Crystal Palace,Brentford,3.0,3.1,2.55
1249,2022-02-12,Leeds,Everton,3.0,3.5,2.25
1250,2022-02-12,Brighton,Watford,2.05,3.3,3.5
1251,2022-02-12,Man City,Norwich,1.16,8.0,15.0
1252,2022-02-13,Liverpool,Burnley,1.28,5.25,10.0
1253,2022-02-13,Aston Villa,Newcastle,2.62,3.3,2.7
1254,2022-02-13,Wolves,Tottenham,5.5,3.6,1.7
1255,2022-02-13,West Ham,Leicester,2.3,3.5,2.9
1256,2022-02-15,Brighton,Man United,4.75,3.75,1.72
1257,2022-02-19,Newcastle,West Ham,4.75,4.0,1.7
1258,2022-02-19,Brentford,Arsenal,8.0,4.2,1.44
1259,2022-02-19,Watford,Aston Villa,5.75,3.6,1.65
1260,2022-02-19,Burnley,Brighton,6.0,3.5,1.66
1261,2022-02-19,Chelsea,Crystal Palace,1.65,3.8,5.5
1262,2022-02-19,Norwich,Liverpool,23.0,9.0,1.1
1263,2022-02-19,Everton,Southampton,3.5,3.5,2.1
1264,2022-02-19,Tottenham,Man City,10.0,6.0,1.28
1265,2022-02-20,Man United,Leeds,1.85,3.8,3.9
1266,2022-02-20,Leicester,Wolves,3.25,3.3,2.25
1267,2022-02-23,Tottenham,Burnley,1.75,3.8,4.6
1268,2022-02-23,Crystal Palace,Watford,2.3,3.3,3.1
1269,2022-02-23,Leeds,Liverpool,15.0,8.0,1.16
1270,2022-02-24,Wolves,Arsenal,5.5,3.8,1.65
1271,2022-02-25,Norwich,Southampton,6.0,4.33,1.53
1272,2022-02-26,Tottenham,Leeds,1.85,3.6,4.2
1273,2022-02-26,Newcastle,Brentford,3.0,3.2,2.5
1274,2022-02-26,Burnley,Crystal Palace,4.0,3.6,1.9
1275,2022-02-26,Watford,Man United,9.5,5.5,1.3
1276,2022-02-26,Aston Villa,Brighton,3.5,3.3,2.2
1277,2022-02-26,Man City,Everton,1.28,5.75,10.0
1278,2022-02-27,Wolves,West Ham,3.8,3.3,2.05
1279,2022-03-01,Leicester,Burnley,2.4,3.4,2.9
1280,2022-03-05,Leeds,Leicester,4.2,4.0,1.75
1281,2022-03-05,Southampton,Aston Villa,3.0,3.5,2.3
1282,2022-03-05,Chelsea,Burnley,1.5,4.33,6.5
1283,2022-03-05,Brighton,Newcastle,2.62,3.2,2.75
1284,2022-03-05,Brentford,Norwich,2.5,3.1,2.9
1285,2022-03-05,Crystal Palace,Wolves,3.4,3.1,2.3
1286,2022-03-05,West Ham,Liverpool,9.5,5.75,1.28
1287,2022-03-06,Arsenal,Watford,1.57,4.0,6.0
1288,2022-03-06,Man United,Man City,7.5,4.75,1.4
1289,2022-03-07,Everton,Tottenham,5.75,3.8,1.57
1290,2022-03-10,Chelsea,Norwich,1.3,4.75,11.0
1291,2022-03-10,Newcastle,Southampton,3.5,3.75,2.0
1292,2022-03-10,Watford,Wolves,4.5,3.6,1.75
1293,2022-03-10,Aston Villa,Leeds,2.5,3.5,2.7
1294,2022-03-12,Liverpool,Brighton,1.5,4.33,6.0
1295,2022-03-12,Burnley,Brentford,3.6,3.2,2.15
1296,2022-03-12,Tottenham,Man United,3.25,3.4,2.2
1297,2022-03-13,Newcastle,Chelsea,11.0,5.25,1.3
1298,2022-03-13,Wolves,Everton,3.3,3.2,2.3
1299,2022-03-13,Norwich,Leeds,5.75,4.2,1.55
1300,2022-03-13,Watford,Southampton,5.25,4.2,1.6
1301,2022-03-13,Aston Villa,West Ham,3.3,3.3,2.25
1302,2022-03-13,Leicester,Arsenal,6.0,4.5,1.5
1303,2022-03-14,Man City,Crystal Palace,1.33,5.0,10.0
1304,2022-03-16,Tottenham,Brighton,2.25,3.3,3.3
1305,2022-03-16,Liverpool,Arsenal,1.9,4.0,3.5
1306,2022-03-17,Newcastle,Everton,3.1,3.25,2.4
1307,2022-03-18,Leeds,Wolves,3.4,3.5,2.1
1308,2022-03-19,Arsenal,Aston Villa,2.4,3.3,3.0
1309,2022-03-20,Brentford,Leicester,3.4,3.4,2.15
1310,2022-03-20,West Ham,Tottenham,4.75,3.8,1.72
1311,2022-04-02,Watford,Liverpool,17.0,9.5,1.12
1312,2022-04-02,Norwich,Brighton,7.0,4.0,1.5
1313,2022-04-02,Man City,Burnley,1.2,6.5,15.0
1314,2022-04-02,Brentford,Chelsea,10.0,5.0,1.33
1315,2022-04-02,Southampton,Leeds,2.75,3.75,2.37
1316,2022-04-02,Aston Villa,Wolves,2.55,3.1,3.0
1317,2022-04-02,Leicester,Man United,6.0,4.5,1.5
1318,2022-04-03,Everton,West Ham,4.5,3.8,1.75
1319,2022-04-03,Newcastle,Tottenham,6.5,4.33,1.5
1320,2022-04-04,Arsenal,Crystal Palace,1.95,3.4,4.0
1321,2022-04-06,Everton,Burnley,2.87,3.1,2.62
1322,2022-04-08,Wolves,Newcastle,3.4,3.1,2.25
1323,2022-04-09,Man United,Everton,1.75,3.75,4.6
1324,2022-04-09,Brighton,Arsenal,5.75,3.8,1.61
1325,2022-04-09,Chelsea,Southampton,1.95,3.6,3.8
1326,2022-04-09,Leeds,Watford,2.55,3.4,2.7
1327,2022-04-09,Tottenham,Aston Villa,2.25,3.4,3.2
1328,2022-04-10,West Ham,Brentford,2.62,3.3,2.62
1329,2022-04-10,Crystal Palace,Leicester,2.9,3.3,2.37
1330,2022-04-10,Burnley,Norwich,2.55,3.2,2.87
1331,2022-04-10,Liverpool,Man City,3.5,3.75,2.0
1332,2022-04-16,Brighton,Tottenham,6.5,4.0,1.53
1333,2022-04-16,Norwich,Man United,10.0,6.5,1.25
1334,2022-04-16,Arsenal,Southampton,1.95,3.6,3.8
1335,2022-04-16,Brentford,Watford,2.55,3.3,2.7
1336,2022-04-17,Leicester,Newcastle,3.3,3.4,2.2
1337,2022-04-17,Burnley,West Ham,5.0,3.8,1.7
1338,2022-04-19,Man United,Liverpool,7.0,5.0,1.4
1339,2022-04-20,Arsenal,Chelsea,4.33,3.6,1.83
1340,2022-04-20,Leicester,Everton,3.25,3.4,2.25
1341,2022-04-20,Crystal Palace,Newcastle,3.25,3.4,2.25
1342,2022-04-20,Brighton,Man City,17.0,7.0,1.16
1343,2022-04-21,Southampton,Burnley,2.62,3.25,2.75
1344,2022-04-23,Man United,Arsenal,3.5,3.5,2.05
1345,2022-04-23,Aston Villa,Leicester,2.5,3.4,2.8
1346,2022-04-23,Watford,Man City,26.0,10.0,1.1
1347,2022-04-23,Newcastle,Norwich,2.15,3.3,3.5
1348,2022-04-23,Tottenham,Brentford,1.85,3.5,4.33
1349,2022-04-24,Southampton,Brighton,3.6,3.4,2.1
1350,2022-04-24,Wolves,Burnley,2.87,3.0,2.7
1351,2022-04-24,West Ham,Chelsea,6.5,4.33,1.5
1352,2022-04-24,Everton,Liverpool,15.0,7.0,1.18
1353,2022-04-25,Leeds,Crystal Palace,3.5,3.5,2.05
1354,2022-04-28,Chelsea,Man United,2.25,3.4,3.2
1355,2022-04-30,Liverpool,Newcastle,1.36,5.0,8.5
1356,2022-04-30,Norwich,Aston Villa,9.0,4.5,1.4
1357,2022-04-30,Crystal Palace,Southampton,3.1,3.3,2.4
1358,2022-04-30,Burnley,Watford,2.75,3.3,2.6
1359,2022-04-30,Brighton,Wolves,2.75,3.2,2.7
1360,2022-04-30,Man City,Leeds,1.3,6.0,8.5
1361,2022-05-01,Chelsea,Everton,1.75,3.6,5.0
1362,2022-05-01,Leicester,Tottenham,7.0,4.75,1.44
1363,2022-05-01,Arsenal,West Ham,1.8,3.8,4.33
1364,2022-05-02,Brentford,Man United,4.5,4.0,1.72
1365,2022-05-07,Southampton,Brentford,3.3,3.5,2.15
1366,2022-05-07,Aston Villa,Burnley,2.4,3.3,3.0
1367,2022-05-07,Wolves,Chelsea,9.5,5.0,1.33
1368,2022-05-07,Watford,Crystal Palace,5.0,4.0,1.65
1369,2022-05-07,Man United,Brighton,2.45,3.5,2.8
1370,2022-05-07,Tottenham,Liverpool,7.0,5.0,1.4
1371,2022-05-08,Leeds,Arsenal,7.0,4.5,1.45
1372,2022-05-08,Everton,Leicester,2.75,3.3,2.6
1373,2022-05-08,West Ham,Norwich,1.75,3.8,4.5
1374,2022-05-08,Newcastle,Man City,17.0,7.0,1.16
1375,2022-05-10,Liverpool,Aston Villa,1.4,4.75,7.5
1376,2022-05-11,Chelsea,Leeds,1.65,4.2,4.75
1377,2022-05-11,Norwich,Leicester,7.0,4.75,1.44
1378,2022-05-11,Everton,Watford,1.83,3.6,4.2
1379,2022-05-11,Man City,Wolves,1.25,6.0,11.0
1380,2022-05-12,Arsenal,Tottenham,3.5,3.75,2.05
1381,2022-05-15,Burnley,Tottenham,9.0,5.25,1.33
1382,2022-05-15,Crystal Palace,Aston Villa,3.75,3.5,2.0
1383,2022-05-15,Brighton,Leeds,2.62,3.5,2.62
1384,2022-05-15,Leicester,Watford,1.95,3.5,3.8
1385,2022-05-15,Man City,West Ham,1.4,5.0,7.5
1386,2022-05-15,Norwich,Wolves,6.5,4.75,1.45
1387,2022-05-15,Brentford,Everton,3.5,3.6,2.05
1388,2022-05-16,Arsenal,Newcastle,1.83,3.6,4.33
1389,2022-05-17,Liverpool,Southampton,1.33,5.5,7.5
1390,2022-05-19,Crystal Palace,Everton,4.33,3.4,1.9
1391,2022-05-19,Burnley,Aston Villa,3.6,3.5,2.05
1392,2022-05-19,Leicester,Chelsea,8.0,4.75,1.4
1393,2022-05-22,Everton,Arsenal,9.0,4.75,1.36
1394,2022-05-22,Leeds,Brentford,2.62,3.8,2.45
1395,2022-05-22,West Ham,Brighton,2.9,3.5,2.37
1396,2022-05-22,Newcastle,Burnley,3.2,3.4,2.25
1397,2022-05-22,Watford,Chelsea,15.0,7.5,1.18
1398,2022-05-22,Man United,Crystal Palace,2.25,3.6,3.0
1399,2022-05-22,Southampton,Leicester,3.8,4.0,1.85
1400,2022-05-22,Wolves,Liverpool,15.0,8.5,1.14
1401,2022-05-22,Aston Villa,Man City,17.0,8.0,1.16
1402,2022-05-22,Tottenham,Norwich,1.25,6.5,9.5
1403,2022-08-05,Arsenal,Crystal Palace,1.85,3.6,4.2
1404,2022-08-06,Liverpool,Fulham,1.25,6.0,11.0
1405,2022-08-06,Aston Villa,Bournemouth,2.0,3.5,3.75
1406,2022-08-06,Wolves,Leeds,3.2,3.4,2.25
1407,2022-08-06,Nott'm Forest,Newcastle,5.25,3.8,1.66
1408,2022-08-06,Southampton,Tottenham,8.5,5.5,1.33
1409,2022-08-06,Chelsea,Everton,1.61,4.0,5.5
1410,2022-08-07,Brentford,Leicester,3.5,3.75,2.0
1411,2022-08-07,Brighton,Man United,5.25,4.2,1.6
1412,2022-08-07,Man City,West Ham,1.36,5.0,8.0
1413,2022-08-13,Everton,Aston Villa,4.75,3.5,1.8
1414,2022-08-13,Leicester,Arsenal,5.75,4.33,1.53
1415,2022-08-13,Newcastle,Brighton,3.0,3.2,2.45
1416,2022-08-13,Bournemouth,Man City,29.0,13.0,1.06
1417,2022-08-13,Leeds,Southampton,3.1,3.5,2.25
1418,2022-08-13,Fulham,Wolves,3.2,3.3,2.3
1419,2022-08-13,Man United,Brentford,2.0,3.5,3.75
1420,2022-08-14,West Ham,Nott'm Forest,1.85,3.6,4.2
1421,2022-08-14,Tottenham,Chelsea,3.2,3.4,2.25
1422,2022-08-15,Crystal Palace,Liverpool,16.0,6.75,1.18
1423,2022-08-20,Wolves,Tottenham,7.5,4.75,1.4
1424,2022-08-20,Aston Villa,Crystal Palace,2.9,3.25,2.5
1425,2022-08-20,Nott'm Forest,Everton,4.0,3.6,1.9
1426,2022-08-20,Brentford,Fulham,2.9,3.4,2.45
1427,2022-08-20,Southampton,Leicester,4.0,4.0,1.83
1428,2022-08-20,Arsenal,Bournemouth,1.4,4.75,8.0
1429,2022-08-21,Chelsea,Leeds,1.53,4.5,5.75
1430,2022-08-21,Brighton,West Ham,3.1,3.4,2.3
1431,2022-08-21,Man City,Newcastle,1.36,5.0,7.5
1432,2022-08-22,Liverpool,Man United,1.6,4.33,5.25
1433,2022-08-27,Man United,Southampton,1.8,4.0,4.2
1434,2022-08-27,Everton,Brentford,3.75,3.5,2.0
1435,2022-08-27,Leeds,Brighton,3.8,3.8,1.9
1436,2022-08-27,Leicester,Chelsea,7.0,5.0,1.4
1437,2022-08-27,Bournemouth,Liverpool,26.0,10.0,1.1
1438,2022-08-27,Crystal Palace,Man City,13.0,7.5,1.18
1439,2022-08-27,Fulham,Arsenal,9.0,5.75,1.3
1440,2022-08-28,West Ham,Aston Villa,3.1,3.4,2.3
1441,2022-08-28,Newcastle,Wolves,2.7,3.3,2.7
1442,2022-08-28,Tottenham,Nott'm Forest,1.44,4.6,7.0
1443,2022-08-30,Brentford,Crystal Palace,3.6,3.4,2.05
1444,2022-08-30,Brighton,Fulham,2.3,3.3,3.1
1445,2022-08-30,Chelsea,Southampton,1.61,4.0,5.25
1446,2022-08-30,Everton,Leeds,3.3,3.5,2.15
1447,2022-08-31,Aston Villa,Arsenal,6.0,4.5,1.45
1448,2022-08-31,Wolves,Bournemouth,2.15,3.3,3.5
1449,2022-08-31,Nott'm Forest,Man City,29.0,13.0,1.06
1450,2022-08-31,Tottenham,West Ham,1.95,3.8,3.6
1451,2022-08-31,Newcastle,Liverpool,9.0,5.25,1.33
1452,2022-09-01,Man United,Leicester,2.05,3.75,3.4
1453,2022-09-03,Liverpool,Everton,1.4,4.75,7.0
1454,2022-09-03,Leeds,Brentford,3.4,3.5,2.1
1455,2022-09-03,West Ham,Chelsea,5.5,4.5,1.55
1456,2022-09-03,Crystal Palace,Newcastle,3.75,3.5,2.0
1457,2022-09-03,Bournemouth,Nott'm Forest,3.8,3.5,1.95
1458,2022-09-03,Fulham,Tottenham,6.5,4.5,1.5
1459,2022-09-03,Southampton,Wolves,3.25,3.4,2.2
1460,2022-09-03,Man City,Aston Villa,1.33,5.5,8.0
1461,2022-09-04,Leicester,Brighton,4.5,3.5,1.83
1462,2022-09-04,Arsenal,Man United,2.7,3.5,2.5
1463,2022-09-16,Southampton,Aston Villa,3.5,3.5,2.1
1464,2022-09-16,Fulham,Nott'm Forest,2.62,3.3,2.75
1465,2022-09-17,Man City,Wolves,1.33,5.0,9.5
1466,2022-09-17,Bournemouth,Newcastle,7.5,4.4,1.44
1467,2022-09-17,Leicester,Tottenham,7.0,4.5,1.45
1468,2022-09-18,Arsenal,Brentford,1.8,3.8,4.2
1469,2022-09-18,West Ham,Everton,2.5,3.25,2.9
1470,2022-10-01,Tottenham,Arsenal,3.3,3.75,2.05
1471,2022-10-01,Brentford,Bournemouth,2.2,3.4,3.3
1472,2022-10-01,Chelsea,Crystal Palace,1.85,3.6,4.2
1473,2022-10-01,Newcastle,Fulham,2.37,3.4,3.0
1474,2022-10-01,Brighton,Liverpool,8.5,5.25,1.33
1475,2022-10-01,Everton,Southampton,3.4,3.4,2.15
1476,2022-10-01,Wolves,West Ham,4.2,3.5,1.95
1477,2022-10-02,Man United,Man City,7.5,5.75,1.33
1478,2022-10-02,Aston Villa,Leeds,3.0,3.4,2.35
1479,2022-10-03,Nott'm Forest,Leicester,4.33,4.0,1.75
1480,2022-10-08,Leicester,Bournemouth,2.05,3.4,3.6
1481,2022-10-08,Wolves,Chelsea,8.0,4.5,1.4
1482,2022-10-08,Southampton,Man City,17.0,10.0,1.11
1483,2022-10-08,Brentford,Newcastle,4.2,3.8,1.83
1484,2022-10-08,Tottenham,Brighton,2.5,3.4,2.8
1485,2022-10-09,Leeds,Crystal Palace,3.6,3.5,2.05
1486,2022-10-09,Fulham,West Ham,4.75,3.8,1.72
1487,2022-10-09,Liverpool,Arsenal,2.62,3.6,2.5
1488,2022-10-09,Man United,Everton,2.05,3.5,3.6
1489,2022-10-10,Aston Villa,Nott'm Forest,2.2,3.4,3.3
1490,2022-10-14,Brighton,Brentford,2.3,3.4,3.1
1491,2022-10-15,Crystal Palace,Leicester,3.1,3.4,2.3
1492,2022-10-15,Bournemouth,Fulham,4.0,3.75,1.85
1493,2022-10-15,Nott'm Forest,Wolves,5.0,3.75,1.7
1494,2022-10-15,Everton,Tottenham,6.5,4.5,1.5
1495,2022-10-16,Chelsea,Aston Villa,1.8,3.75,4.33
1496,2022-10-16,Arsenal,Leeds,1.55,4.2,6.0
1497,2022-10-16,Newcastle,Man United,3.5,3.8,1.95
1498,2022-10-16,West Ham,Southampton,2.4,3.4,2.9
1499,2022-10-16,Man City,Liverpool,1.9,4.0,3.6
1500,2022-10-18,Nott'm Forest,Brighton,7.0,4.75,1.4
1501,2022-10-18,Wolves,Crystal Palace,3.4,3.1,2.25
1502,2022-10-19,Southampton,Bournemouth,2.62,3.3,2.62
1503,2022-10-19,Chelsea,Brentford,1.72,3.8,4.75
1504,2022-10-19,West Ham,Liverpool,7.0,5.0,1.4
1505,2022-10-19,Everton,Newcastle,5.75,3.8,1.6
1506,2022-10-19,Tottenham,Man United,2.75,3.5,2.45
1507,2022-10-20,Aston Villa,Fulham,2.5,3.3,2.9
1508,2022-10-20,Leeds,Leicester,3.0,3.6,2.25
1509,2022-10-22,Liverpool,Nott'm Forest,1.25,6.0,11.0
1510,2022-10-22,Crystal Palace,Everton,2.87,3.2,2.6
1511,2022-10-22,Brighton,Man City,13.0,7.0,1.2
1512,2022-10-22,Man United,Chelsea,3.5,3.5,2.05
1513,2022-10-23,Brentford,Aston Villa,3.5,3.5,2.1
1514,2022-10-23,Fulham,Leeds,3.6,3.5,2.05
1515,2022-10-23,Arsenal,Southampton,1.57,4.0,6.0
1516,2022-10-23,Leicester,Wolves,3.25,3.25,2.25
1517,2022-10-23,Newcastle,Tottenham,3.5,3.5,2.05
1518,2022-10-24,Bournemouth,West Ham,6.0,4.0,1.55
1519,2022-10-29,Man City,Leicester,1.25,6.5,10.0
1520,2022-10-29,Tottenham,Bournemouth,1.7,3.8,5.0
1521,2022-10-29,Wolves,Brentford,3.3,3.4,2.2
1522,2022-10-29,Chelsea,Brighton,2.4,3.3,3.0
1523,2022-10-29,Southampton,Crystal Palace,4.0,3.6,1.9
1524,2022-10-29,Aston Villa,Newcastle,4.5,3.75,1.8
1525,2022-10-29,Everton,Fulham,3.0,3.4,2.37
1526,2022-10-29,Leeds,Liverpool,9.0,6.0,1.3
1527,2022-10-30,Nott'm Forest,Arsenal,12.0,7.0,1.2
1528,2022-10-30,West Ham,Man United,4.8,4.0,1.66
1529,2022-11-05,Bournemouth,Leeds,4.75,3.8,1.72
1530,2022-11-05,Fulham,Man City,19.0,9.5,1.11
1531,2022-11-05,Brentford,Nott'm Forest,2.6,3.3,2.75
1532,2022-11-05,Brighton,Wolves,2.25,3.3,3.3
1533,2022-11-05,Leicester,Everton,3.0,3.3,2.4
1534,2022-11-06,Arsenal,Chelsea,2.7,3.4,2.55
1535,2022-11-06,Man United,Aston Villa,2.1,3.8,3.3
1536,2022-11-06,Newcastle,Southampton,1.9,3.6,4.0
1537,2022-11-06,Crystal Palace,West Ham,4.2,3.4,1.9
1538,2022-11-06,Liverpool,Tottenham,2.1,3.6,3.3
1539,2022-11-12,Brentford,Man City,17.0,8.0,1.14
1540,2022-11-12,Everton,Bournemouth,2.6,3.25,2.8
1541,2022-11-12,Southampton,Liverpool,11.0,6.5,1.25
1542,2022-11-12,Crystal Palace,Nott'm Forest,2.45,3.1,3.1
1543,2022-11-12,Leeds,Tottenham,4.75,4.2,1.65
1544,2022-11-12,Leicester,West Ham,3.75,3.4,2.05
1545,2022-11-12,Chelsea,Newcastle,3.0,3.4,2.35
1546,2022-11-12,Arsenal,Wolves,1.55,4.2,6.0
1547,2022-11-13,Aston Villa,Brighton,4.2,3.75,1.83
1548,2022-11-13,Man United,Fulham,1.9,3.8,3.8
1549,2022-12-26,Tottenham,Brentford,1.91,3.6,4.0
1550,2022-12-26,Fulham,Crystal Palace,3.5,3.6,2.05
1551,2022-12-26,Wolves,Everton,3.2,3.25,2.3
1552,2022-12-26,Newcastle,Leicester,2.2,3.5,3.25
1553,2022-12-26,Brighton,Southampton,2.15,3.5,3.3
1554,2022-12-26,Liverpool,Aston Villa,1.7,4.0,4.75
1555,2022-12-26,West Ham,Arsenal,6.5,4.33,1.5
1556,2022-12-27,Bournemouth,Chelsea,10.0,5.5,1.3
1557,2022-12-27,Nott'm Forest,Man United,11.0,5.5,1.29
1558,2022-12-28,Man City,Leeds,1.29,6.0,9.5
1559,2022-12-30,Brentford,West Ham,3.6,3.6,2.0
1560,2022-12-30,Leicester,Liverpool,9.5,6.0,1.29
1561,2022-12-31,Man United,Wolves,1.91,3.6,4.0
1562,2022-12-31,Crystal Palace,Bournemouth,2.5,3.3,2.8
1563,2022-12-31,Southampton,Fulham,3.75,3.6,1.95
1564,2022-12-31,Everton,Man City,19.0,9.0,1.13
1565,2022-12-31,Leeds,Newcastle,7.0,4.5,1.45
1566,2022-12-31,Arsenal,Brighton,2.1,3.5,3.4
1567,2023-01-01,Aston Villa,Tottenham,5.0,4.0,1.67
1568,2023-01-01,Chelsea,Nott'm Forest,1.7,3.8,5.0
1569,2023-01-02,Liverpool,Brentford,1.55,4.33,5.5
1570,2023-01-03,Newcastle,Arsenal,4.33,3.8,1.8
1571,2023-01-03,Brighton,Everton,2.1,3.5,3.5
1572,2023-01-03,Fulham,Leicester,3.1,3.6,2.2
1573,2023-01-03,Bournemouth,Man United,11.0,5.5,1.29
1574,2023-01-04,Nott'm Forest,Southampton,3.8,3.5,2.0
1575,2023-01-04,West Ham,Leeds,2.6,3.5,2.6
1576,2023-01-04,Wolves,Aston Villa,4.0,3.6,1.95
1577,2023-01-04,Tottenham,Crystal Palace,2.15,3.5,3.4
1578,2023-01-05,Man City,Chelsea,1.67,4.0,5.0
1579,2023-01-12,Chelsea,Fulham,2.15,3.5,3.3
1580,2023-01-13,Leeds,Aston Villa,4.0,3.6,1.91
1581,2023-01-14,Man City,Man United,1.85,3.6,4.2
1582,2023-01-14,Liverpool,Brighton,2.1,3.6,3.4
1583,2023-01-14,Southampton,Everton,3.3,3.25,2.25
1584,2023-01-14,Leicester,Nott'm Forest,2.63,3.3,2.7
1585,2023-01-14,West Ham,Wolves,2.7,3.3,2.63
1586,2023-01-14,Bournemouth,Brentford,5.25,4.0,1.65
1587,2023-01-15,Crystal Palace,Chelsea,5.25,4.0,1.62
1588,2023-01-15,Fulham,Newcastle,6.5,4.33,1.5
1589,2023-01-15,Arsenal,Tottenham,2.2,3.6,3.1
1590,2023-01-18,Man United,Crystal Palace,1.8,3.6,4.5
1591,2023-01-19,Tottenham,Man City,8.5,5.0,1.36
1592,2023-01-21,Chelsea,Liverpool,4.0,3.75,1.85
1593,2023-01-21,Nott'm Forest,Bournemouth,2.75,3.1,2.75
1594,2023-01-21,Brighton,Leicester,2.05,3.5,3.6
1595,2023-01-21,Aston Villa,Southampton,2.55,3.25,2.88
1596,2023-01-21,Everton,West Ham,4.75,3.75,1.8
1597,2023-01-21,Newcastle,Crystal Palace,1.85,3.5,4.4
1598,2023-01-22,Brentford,Leeds,2.88,3.6,2.38
1599,2023-01-22,Wolves,Man City,11.0,8.0,1.2
1600,2023-01-22,Man United,Arsenal,4.2,3.8,1.8
1601,2023-01-23,Tottenham,Fulham,2.1,3.6,3.3
1602,2023-02-03,Fulham,Chelsea,5.25,4.0,1.62
1603,2023-02-04,Arsenal,Everton,1.4,4.5,8.5
1604,2023-02-04,Leicester,Aston Villa,3.8,3.6,1.95
1605,2023-02-04,Southampton,Brentford,4.2,3.6,1.85
1606,2023-02-04,Bournemouth,Brighton,8.5,5.25,1.33
1607,2023-02-04,Crystal Palace,Man United,8.0,4.75,1.4
1608,2023-02-04,Liverpool,Wolves,1.85,3.8,4.0
1609,2023-02-04,West Ham,Newcastle,6.0,3.8,1.6
1610,2023-02-05,Leeds,Nott'm Forest,2.7,3.3,2.63
1611,2023-02-05,Man City,Tottenham,1.73,4.2,4.33
1612,2023-02-08,Leeds,Man United,6.0,5.0,1.45
1613,2023-02-11,Chelsea,West Ham,2.25,3.3,3.3
1614,2023-02-11,Brentford,Arsenal,7.0,4.75,1.44
1615,2023-02-11,Brighton,Crystal Palace,2.0,3.5,3.8
1616,2023-02-11,Nott'm Forest,Fulham,4.33,3.5,1.91
1617,2023-02-11,Tottenham,Leicester,2.1,3.6,3.4
1618,2023-02-11,Wolves,Southampton,2.55,3.2,2.9
1619,2023-02-11,Newcastle,Bournemouth,1.53,4.0,6.5
1620,2023-02-12,Man United,Leeds,1.91,3.8,3.75
1621,2023-02-12,Aston Villa,Man City,11.0,6.5,1.25
1622,2023-02-13,Everton,Liverpool,6.5,4.33,1.5
1623,2023-02-15,Man City,Arsenal,2.35,3.5,2.9
1624,2023-02-18,Arsenal,Aston Villa,1.5,3.6,4.5
1625,2023-02-18,Crystal Palace,Brentford,4.5,3.5,1.83
1626,2023-02-18,Fulham,Brighton,5.5,3.8,1.65
1627,2023-02-18,Southampton,Chelsea,8.5,4.75,1.4
1628,2023-02-18,Leeds,Everton,3.0,3.3,2.4
1629,2023-02-18,Man City,Nott'm Forest,1.3,5.5,8.5
1630,2023-02-18,Bournemouth,Wolves,6.0,3.6,1.67
1631,2023-02-18,Liverpool,Newcastle,2.7,3.5,2.5
1632,2023-02-19,Leicester,Man United,5.25,4.33,1.62
1633,2023-02-19,West Ham,Tottenham,4.75,3.6,1.75
1634,2023-02-24,Wolves,Fulham,3.0,3.2,2.5
1635,2023-02-25,Aston Villa,Everton,3.0,3.2,2.5
1636,2023-02-25,Southampton,Leeds,4.0,3.5,1.95
1637,2023-02-25,Arsenal,Leicester,1.7,4.0,4.75
1638,2023-02-25,Nott'm Forest,West Ham,5.0,3.6,1.75
1639,2023-02-25,Man City,Bournemouth,1.29,5.75,10.0
1640,2023-02-25,Liverpool,Crystal Palace,1.73,3.8,4.75
1641,2023-02-26,Chelsea,Tottenham,2.9,3.25,2.55
1642,2023-03-01,Everton,Arsenal,10.0,4.75,1.36
1643,2023-03-01,Wolves,Liverpool,6.0,4.75,1.5
1644,2023-03-04,Newcastle,Man City,7.0,4.5,1.45
1645,2023-03-04,Bournemouth,Arsenal,12.0,7.0,1.22
1646,2023-03-04,Crystal Palace,Aston Villa,3.8,3.3,2.05
1647,2023-03-04,West Ham,Brighton,4.5,3.6,1.8
1648,2023-03-04,Leeds,Chelsea,5.5,4.0,1.62
1649,2023-03-04,Tottenham,Wolves,2.2,3.4,3.3
1650,2023-03-04,Leicester,Southampton,2.6,3.3,2.75
1651,2023-03-05,Everton,Nott'm Forest,2.88,3.0,2.7
1652,2023-03-05,Man United,Liverpool,2.88,3.6,2.38
1653,2023-03-06,Fulham,Brentford,3.75,3.6,1.95
1654,2023-03-11,Liverpool,Bournemouth,1.4,5.0,7.5
1655,2023-03-11,Brentford,Everton,2.7,3.25,2.7
1656,2023-03-11,Brighton,Leeds,1.95,3.6,3.75
1657,2023-03-11,Chelsea,Leicester,1.95,3.5,3.75
1658,2023-03-11,Nott'm Forest,Tottenham,7.0,4.75,1.44
1659,2023-03-11,Man City,Crystal Palace,1.36,4.75,9.0
1660,2023-03-12,Arsenal,Fulham,1.57,4.0,6.0
1661,2023-03-12,Southampton,Man United,9.0,5.0,1.36
1662,2023-03-12,Aston Villa,West Ham,3.4,3.3,2.2
1663,2023-03-12,Wolves,Newcastle,5.5,3.75,1.65
1664,2023-03-15,Crystal Palace,Brighton,8.0,4.2,1.44
1665,2023-03-15,Brentford,Southampton,2.5,3.25,2.88
1666,2020-09-12,Arsenal,Fulham,1.53,4.33,6.0
1667,2020-09-12,Southampton,Crystal Palace,2.37,3.25,3.1
1668,2020-09-12,Leeds,Liverpool,9.5,6.0,1.28
1669,2020-09-12,Newcastle,West Ham,3.4,3.4,2.15
1670,2020-09-13,Leicester,West Brom,1.95,3.6,3.8
1671,2020-09-13,Everton,Tottenham,4.33,3.6,1.83
1672,2020-09-14,Chelsea,Brighton,1.61,4.33,5.0
1673,2020-09-14,Wolves,Sheffield United,2.37,3.1,3.25
1674,2020-09-19,West Brom,Everton,6.5,4.2,1.5
1675,2020-09-19,Fulham,Leeds,5.75,3.9,1.61
1676,2020-09-19,Crystal Palace,Man United,9.5,5.5,1.3
1677,2020-09-19,West Ham,Arsenal,5.5,4.5,1.53
1678,2020-09-20,Tottenham,Southampton,2.37,3.3,3.0
1679,2020-09-20,Brighton,Newcastle,2.87,3.1,2.6
1680,2020-09-20,Liverpool,Chelsea,2.2,3.6,3.1
1681,2020-09-20,Burnley,Leicester,5.5,4.0,1.61
1682,2020-09-21,Sheffield United,Aston Villa,2.75,3.1,2.7
1683,2020-09-21,Man City,Wolves,1.5,4.33,6.5
1684,2020-09-26,Man United,Brighton,1.72,3.75,4.75
1685,2020-09-26,Everton,Crystal Palace,2.1,3.25,3.75
1686,2020-09-26,Chelsea,West Brom,1.36,4.75,9.0
1687,2020-09-26,Southampton,Burnley,2.3,3.3,3.2
1688,2020-09-27,Leeds,Sheffield United,2.62,3.3,2.7
1689,2020-09-27,Newcastle,Tottenham,7.0,4.5,1.45
1690,2020-09-27,Leicester,Man City,9.5,6.0,1.28
1691,2020-09-27,Wolves,West Ham,2.05,3.5,3.6
1692,2020-09-28,Aston Villa,Fulham,2.5,3.25,2.9
1693,2020-09-28,Arsenal,Liverpool,6.5,4.75,1.45
1694,2020-10-03,Crystal Palace,Chelsea,8.0,4.75,1.4
1695,2020-10-03,Brighton,Everton,4.8,3.75,1.72
1696,2020-10-03,Man City,Leeds,1.36,5.25,7.5
1697,2020-10-03,Burnley,Newcastle,3.1,3.2,2.4
1698,2020-10-04,West Ham,Leicester,5.25,4.2,1.61
1699,2020-10-04,West Brom,Southampton,4.75,3.8,1.72
1700,2020-10-04,Sheffield United,Arsenal,6.0,4.0,1.57
1701,2020-10-04,Fulham,Wolves,7.5,4.0,1.5
1702,2020-10-04,Tottenham,Man United,4.0,3.8,1.85
1703,2020-10-04,Liverpool,Aston Villa,1.3,5.5,10.0
1704,2020-10-17,Liverpool,Everton,1.83,4.2,3.75
1705,2020-10-17,Southampton,Chelsea,6.5,4.75,1.45
1706,2020-10-17,Arsenal,Man City,6.5,5.0,1.44
1707,2020-10-17,Man United,Newcastle,1.66,4.0,4.75
1708,2020-10-18,Fulham,Sheffield United,3.7,3.3,2.1
1709,2020-10-18,Brighton,Crystal Palace,2.7,3.3,2.62
1710,2020-10-18,West Ham,Tottenham,5.5,4.33,1.57
1711,2020-10-18,Aston Villa,Leicester,4.1,3.8,1.83
1712,2020-10-19,Burnley,West Brom,2.9,3.3,2.45
1713,2020-10-19,Wolves,Leeds,2.87,3.3,2.5
1714,2020-10-23,Leeds,Aston Villa,3.3,3.75,2.05
1715,2020-10-24,Man City,West Ham,1.36,5.25,8.0
1716,2020-10-24,Crystal Palace,Fulham,2.7,3.1,2.75
1717,2020-10-24,Chelsea,Man United,2.8,3.6,2.37
1718,2020-10-24,Sheffield United,Liverpool,12.0,6.5,1.22
1719,2020-10-25,Everton,Southampton,2.55,3.4,2.75
1720,2020-10-25,Newcastle,Wolves,5.25,3.5,1.75
1721,2020-10-25,Leicester,Arsenal,3.8,3.75,1.9
1722,2020-10-26,West Brom,Brighton,4.75,4.0,1.7
1723,2020-10-26,Tottenham,Burnley,1.6,4.0,5.75
1724,2020-10-30,Crystal Palace,Wolves,4.33,3.2,2.0
1725,2020-10-31,Man City,Sheffield United,1.28,6.0,9.5
1726,2020-10-31,Chelsea,Burnley,1.5,4.5,6.0
1727,2020-10-31,West Ham,Liverpool,7.5,5.25,1.36
1728,2020-11-01,Southampton,Aston Villa,2.8,3.5,2.45
1729,2020-11-01,Everton,Newcastle,2.05,3.4,3.7
1730,2020-11-01,Arsenal,Man United,3.6,3.6,2.0
1731,2020-11-01,Brighton,Tottenham,5.5,4.0,1.61
1732,2020-11-02,West Brom,Fulham,3.0,3.3,2.4
1733,2020-11-02,Leicester,Leeds,2.62,3.6,2.5
1734,2020-11-06,Burnley,Brighton,4.33,3.5,1.85
1735,2020-11-06,Newcastle,Southampton,3.7,3.6,2.0
1736,2020-11-07,Man United,Everton,2.37,3.5,2.9
1737,2020-11-07,Leeds,Crystal Palace,2.45,3.4,2.87
1738,2020-11-07,Sheffield United,Chelsea,8.5,5.0,1.36
1739,2020-11-07,Fulham,West Ham,4.2,3.75,1.83
1740,2020-11-08,Tottenham,West Brom,1.45,4.33,7.0
1741,2020-11-08,Wolves,Leicester,3.25,3.2,2.3
1742,2020-11-08,Liverpool,Man City,3.4,4.2,1.95
1743,2020-11-08,Aston Villa,Arsenal,5.0,4.1,1.65
1744,2020-11-21,Chelsea,Newcastle,1.45,4.75,6.5
1745,2020-11-21,Brighton,Aston Villa,3.2,3.6,2.15
1746,2020-11-21,Man City,Tottenham,1.8,4.0,4.0
1747,2020-11-21,West Brom,Man United,9.5,5.5,1.3
1748,2020-11-22,Everton,Fulham,1.85,3.9,3.9
1749,2020-11-22,West Ham,Sheffield United,2.4,3.25,3.0
1750,2020-11-22,Arsenal,Leeds,2.2,3.75,3.0
1751,2020-11-22,Leicester,Liverpool,3.8,4.0,1.85
1752,2020-11-23,Crystal Palace,Burnley,2.75,3.1,2.75
1753,2020-11-23,Southampton,Wolves,3.25,3.25,2.3
1754,2020-11-27,Newcastle,Crystal Palace,3.75,3.25,2.05
1755,2020-11-28,Liverpool,Brighton,1.57,4.2,5.5
1756,2020-11-28,Burnley,Man City,16.0,7.5,1.16
1757,2020-11-28,Leeds,Everton,3.6,3.8,1.95
1758,2020-11-28,Sheffield United,West Brom,2.8,3.2,2.6
1759,2020-11-29,Man United,Southampton,1.95,3.5,4.0
1760,2020-11-29,Tottenham,Chelsea,3.6,3.5,2.05
1761,2020-11-29,Wolves,Arsenal,3.75,3.4,2.05
1762,2020-11-30,Fulham,Leicester,6.5,4.33,1.5
1763,2020-11-30,Aston Villa,West Ham,3.0,3.6,2.25
1764,2020-12-05,Everton,Burnley,1.9,3.5,4.0
1765,2020-12-05,Fulham,Man City,19.0,11.0,1.1
1766,2020-12-05,Man United,West Ham,2.0,3.6,3.6
1767,2020-12-05,Leeds,Chelsea,6.0,4.5,1.5
1768,2020-12-06,Crystal Palace,West Brom,2.55,3.2,2.87
1769,2020-12-06,Leicester,Sheffield United,1.95,3.5,3.8
1770,2020-12-06,Arsenal,Tottenham,3.8,3.6,1.95
1771,2020-12-06,Wolves,Liverpool,6.5,4.33,1.5
1772,2020-12-07,Southampton,Brighton,2.9,3.4,2.45
1773,2020-12-11,West Ham,Leeds,3.1,3.7,2.15
1774,2020-12-12,Aston Villa,Wolves,3.25,3.25,2.25
1775,2020-12-12,West Brom,Newcastle,3.0,3.2,2.45
1776,2020-12-12,Man City,Man United,1.72,4.2,4.33
1777,2020-12-12,Chelsea,Everton,1.7,4.2,4.33
1778,2020-12-13,Sheffield United,Southampton,5.0,3.75,1.7
1779,2020-12-13,Tottenham,Crystal Palace,1.72,3.9,4.5
1780,2020-12-13,Liverpool,Fulham,1.3,5.5,9.0
1781,2020-12-13,Burnley,Arsenal,6.25,4.2,1.53
1782,2020-12-13,Brighton,Leicester,3.8,3.5,2.0
1783,2020-12-15,Chelsea,Wolves,1.66,3.8,5.25
1784,2020-12-15,West Brom,Man City,21.0,11.0,1.09
1785,2020-12-16,Southampton,Arsenal,3.1,3.5,2.25
1786,2020-12-16,Newcastle,Leeds,4.33,4.0,1.75
1787,2020-12-16,Everton,Leicester,3.25,3.6,2.15
1788,2020-12-16,Brighton,Fulham,2.5,3.3,2.87
1789,2020-12-16,Tottenham,Liverpool,4.5,3.8,1.75
1790,2020-12-16,Crystal Palace,West Ham,3.6,3.4,2.05
1791,2020-12-17,Burnley,Aston Villa,4.5,3.8,1.75
1792,2020-12-17,Man United,Sheffield United,1.44,4.6,7.0
1793,2020-12-19,Liverpool,Crystal Palace,1.5,4.33,6.5
1794,2020-12-19,Man City,Southampton,1.44,4.5,7.0
1795,2020-12-19,Arsenal,Everton,2.8,3.5,2.45
1796,2020-12-19,Fulham,Newcastle,2.9,3.25,2.5
1797,2020-12-20,Sheffield United,Brighton,5.5,3.75,1.65
1798,2020-12-20,Leicester,Tottenham,3.6,3.5,2.05
1799,2020-12-20,Leeds,Man United,4.5,4.33,1.66
1800,2020-12-20,Aston Villa,West Brom,1.95,3.8,3.6
1801,2020-12-21,Wolves,Burnley,2.2,3.25,3.5
1802,2020-12-21,West Ham,Chelsea,6.25,5.0,1.44
1803,2020-12-26,Man United,Leicester,2.3,3.6,2.9
1804,2020-12-26,Crystal Palace,Aston Villa,3.8,3.75,1.9
1805,2020-12-26,Southampton,Fulham,2.3,3.3,3.2
1806,2020-12-26,Chelsea,Arsenal,1.9,3.6,4.0
1807,2020-12-26,Newcastle,Man City,19.0,10.0,1.11
1808,2020-12-26,Everton,Sheffield United,1.85,3.6,4.2
1809,2020-12-27,Burnley,Leeds,4.33,4.0,1.72
1810,2020-12-27,Brighton,West Ham,3.1,3.4,2.3
1811,2020-12-27,West Brom,Liverpool,19.0,10.0,1.11
1812,2020-12-27,Tottenham,Wolves,2.15,3.25,3.6
1813,2020-12-28,Leicester,Crystal Palace,2.0,3.5,3.75
1814,2020-12-28,Aston Villa,Chelsea,5.0,4.2,1.61
1815,2020-12-29,Arsenal,Brighton,2.2,3.5,3.25
1816,2020-12-29,Sheffield United,Burnley,3.25,3.1,2.37
1817,2020-12-29,West Ham,Southampton,3.4,3.6,2.1
1818,2020-12-29,Leeds,West Brom,2.0,3.6,3.6
1819,2020-12-29,Wolves,Man United,6.25,4.2,1.53
1820,2020-12-30,Liverpool,Newcastle,1.25,6.0,12.0
1821,2021-01-01,West Ham,Everton,3.5,3.5,2.1
1822,2021-01-01,Aston Villa,Man United,4.2,4.2,1.72
1823,2021-01-02,Leeds,Tottenham,4.2,4.1,1.75
1824,2021-01-02,Sheffield United,Crystal Palace,3.9,3.5,1.95
1825,2021-01-02,Wolves,Brighton,2.75,3.25,2.62
1826,2021-01-02,Arsenal,West Brom,1.57,4.0,5.75
1827,2021-01-03,Leicester,Newcastle,1.61,4.2,5.25
1828,2021-01-03,Man City,Chelsea,2.2,3.7,3.0
1829,2021-01-04,Liverpool,Southampton,1.61,4.33,5.0
1830,2021-01-12,Newcastle,Sheffield United,3.1,3.1,2.45
1831,2021-01-12,Man United,Burnley,1.45,4.5,7.0
1832,2021-01-12,Everton,Wolves,3.1,3.1,2.45
1833,2021-01-13,Brighton,Man City,16.0,8.5,1.14
1834,2021-01-13,Fulham,Tottenham,8.5,5.0,1.36
1835,2021-01-14,Crystal Palace,Arsenal,6.5,4.0,1.53
1836,2021-01-16,West Brom,Wolves,7.0,3.5,1.6
1837,2021-01-16,Brighton,Leeds,3.4,3.5,2.1
1838,2021-01-16,Burnley,West Ham,4.75,3.5,1.8
1839,2021-01-16,Chelsea,Fulham,1.5,4.33,6.5
1840,2021-01-16,Southampton,Leicester,4.5,3.75,1.8
1841,2021-01-17,Tottenham,Sheffield United,1.6,3.75,6.25
1842,2021-01-17,Man United,Liverpool,3.6,3.8,1.95
1843,2021-01-17,Crystal Palace,Man City,17.0,8.5,1.14
1844,2021-01-18,Newcastle,Arsenal,8.0,4.5,1.4
1845,2021-01-19,West Brom,West Ham,5.5,4.2,1.57
1846,2021-01-19,Chelsea,Leicester,2.45,3.4,2.87
1847,2021-01-20,Aston Villa,Man City,12.0,6.5,1.22
1848,2021-01-20,Man United,Fulham,1.53,4.33,6.0
1849,2021-01-21,Burnley,Liverpool,15.0,7.5,1.18
1850,2021-01-23,Newcastle,Aston Villa,6.5,4.75,1.45
1851,2021-01-26,West Ham,Crystal Palace,2.37,3.25,3.1
1852,2021-01-26,Leeds,Newcastle,1.85,3.8,3.9
1853,2021-01-26,Arsenal,Southampton,2.05,3.6,3.5
1854,2021-01-26,Man City,West Brom,1.18,7.5,15.0
1855,2021-01-27,Aston Villa,Burnley,1.95,3.5,3.8
1856,2021-01-27,Wolves,Chelsea,5.25,4.2,1.6
1857,2021-01-27,Fulham,Brighton,3.75,3.4,2.05
1858,2021-01-27,Leicester,Everton,2.55,3.3,2.8
1859,2021-01-27,Sheffield United,Man United,11.0,6.0,1.25
1860,2021-01-28,Liverpool,Tottenham,2.2,3.6,3.2
1861,2021-01-30,Newcastle,Everton,6.5,4.0,1.55
1862,2021-01-30,Wolves,Crystal Palace,2.55,3.2,2.87
1863,2021-01-30,Sheffield United,Man City,18.0,9.0,1.12
1864,2021-01-30,Fulham,West Brom,2.3,3.2,3.3
1865,2021-01-30,Man United,Arsenal,2.45,3.5,2.8
1866,2021-01-30,Aston Villa,Southampton,2.37,3.6,2.8
1867,2021-01-31,Burnley,Chelsea,9.5,5.0,1.33
1868,2021-01-31,Leeds,Leicester,4.2,4.0,1.8
1869,2021-01-31,Liverpool,West Ham,1.75,4.0,4.33
1870,2021-01-31,Tottenham,Brighton,2.25,3.4,3.2
1871,2021-02-02,West Brom,Sheffield United,4.0,3.3,2.0
1872,2021-02-02,Arsenal,Wolves,2.1,3.3,3.6
1873,2021-02-02,Southampton,Man United,7.0,4.75,1.4
1874,2021-02-02,Crystal Palace,Newcastle,2.6,3.2,2.8
1875,2021-02-03,Man City,Burnley,1.2,7.0,13.0
1876,2021-02-03,Leicester,Fulham,1.9,3.5,4.0
1877,2021-02-03,Everton,Leeds,2.7,3.5,2.5
1878,2021-02-03,West Ham,Aston Villa,3.25,3.4,2.2
1879,2021-02-03,Brighton,Liverpool,9.0,5.25,1.33
1880,2021-02-04,Chelsea,Tottenham,2.1,3.4,3.5
1881,2021-02-06,Arsenal,Aston Villa,2.6,3.5,2.62
1882,2021-02-06,Brighton,Burnley,2.2,3.1,3.6
1883,2021-02-06,Southampton,Newcastle,2.4,3.3,3.0
1884,2021-02-06,West Ham,Fulham,2.05,3.5,3.6
1885,2021-02-06,Everton,Man United,6.0,4.2,1.53
1886,2021-02-07,West Brom,Tottenham,7.0,4.5,1.45
1887,2021-02-07,Leicester,Wolves,2.1,3.4,3.5
1888,2021-02-07,Man City,Liverpool,2.05,3.6,3.4
1889,2021-02-07,Chelsea,Sheffield United,1.45,4.5,7.0
1890,2021-02-08,Crystal Palace,Leeds,4.2,3.8,1.8
1891,2021-02-13,Liverpool,Leicester,2.1,3.4,3.5
1892,2021-02-13,Burnley,Crystal Palace,3.2,3.1,2.37
1893,2021-02-13,Tottenham,Man City,9.5,5.75,1.28
1894,2021-02-13,Aston Villa,Brighton,2.5,3.5,2.7
1895,2021-02-14,Wolves,Southampton,3.1,3.2,2.37
1896,2021-02-14,Man United,West Brom,1.3,5.5,10.0
1897,2021-02-14,Leeds,Arsenal,4.0,3.8,1.83
1898,2021-02-14,Fulham,Everton,4.2,3.6,1.85
1899,2021-02-15,Sheffield United,West Ham,5.25,3.75,1.66
1900,2021-02-15,Newcastle,Chelsea,12.0,6.5,1.22
1901,2021-02-17,Fulham,Burnley,2.7,3.2,2.75
1902,2021-02-17,Man City,Everton,1.33,5.5,8.5
1903,2021-02-19,Leeds,Wolves,3.0,3.3,2.37
1904,2021-02-20,Chelsea,Southampton,1.7,3.8,5.0
1905,2021-02-20,West Brom,Burnley,4.0,3.3,2.0
1906,2021-02-20,Everton,Liverpool,7.0,4.5,1.44
1907,2021-02-20,Sheffield United,Fulham,3.6,3.2,2.15
1908,2021-02-21,Tottenham,West Ham,2.7,3.4,2.62
1909,2021-02-21,Leicester,Aston Villa,2.4,3.5,2.87
1910,2021-02-21,Man City,Arsenal,1.5,4.33,6.5
1911,2021-02-21,Newcastle,Man United,10.0,5.5,1.28
1912,2021-02-22,Crystal Palace,Brighton,5.5,3.5,1.7
1913,2021-02-23,Southampton,Leeds,3.1,3.5,2.25
1914,2021-02-27,West Ham,Man City,12.0,6.5,1.22
1915,2021-02-27,Brighton,West Brom,1.95,3.3,4.2
1916,2021-02-27,Aston Villa,Leeds,3.2,3.6,2.15
1917,2021-02-27,Wolves,Newcastle,2.2,3.2,3.5
1918,2021-02-28,Fulham,Crystal Palace,2.2,3.2,3.5
1919,2021-02-28,Arsenal,Leicester,2.8,3.4,2.5
1920,2021-02-28,Burnley,Tottenham,6.5,4.0,1.53
1921,2021-02-28,Man United,Chelsea,3.4,3.4,2.15
1922,2021-02-28,Liverpool,Sheffield United,1.36,5.0,8.0
1923,2021-03-01,Southampton,Everton,3.3,3.5,2.15
1924,2021-03-02,Wolves,Man City,15.0,7.0,1.18
1925,2021-03-03,Leicester,Burnley,2.0,3.25,4.0
1926,2021-03-03,Aston Villa,Sheffield United,2.05,3.4,3.75
1927,2021-03-03,Man United,Crystal Palace,1.4,4.75,8.0
1928,2021-03-04,Tottenham,Fulham,1.9,3.6,4.0
1929,2021-03-04,Everton,West Brom,1.83,3.6,4.33
1930,2021-03-04,Chelsea,Liverpool,3.0,3.6,2.25
1931,2021-03-06,Arsenal,Burnley,1.61,4.0,5.5
1932,2021-03-06,Southampton,Sheffield United,2.0,3.5,3.6
1933,2021-03-06,Wolves,Aston Villa,3.1,3.25,2.37
1934,2021-03-06,Leicester,Brighton,2.8,3.25,2.55
1935,2021-03-07,Newcastle,West Brom,3.1,3.2,2.37
1936,2021-03-07,Fulham,Liverpool,8.5,5.0,1.36
1937,2021-03-07,Man United,Man City,7.0,4.5,1.45
1938,2021-03-07,Crystal Palace,Tottenham,7.0,4.5,1.45
1939,2021-03-08,Everton,Chelsea,6.5,4.0,1.53
1940,2021-03-08,Leeds,West Ham,3.5,3.6,2.05
1941,2021-03-10,Southampton,Man City,15.0,7.5,1.18
1942,2021-03-12,Aston Villa,Newcastle,2.05,3.3,3.8
1943,2021-03-13,Chelsea,Leeds,1.7,4.0,4.75
1944,2021-03-13,West Brom,Crystal Palace,3.6,3.2,2.15
1945,2021-03-13,Burnley,Everton,4.5,3.5,1.83
1946,2021-03-13,Man City,Fulham,1.33,5.0,10.0
1947,2021-03-14,Brighton,Southampton,2.5,3.1,2.9
1948,2021-03-14,Sheffield United,Leicester,6.5,4.2,1.5
1949,2021-03-14,Tottenham,Arsenal,2.75,3.4,2.55
1950,2021-03-14,West Ham,Man United,4.33,3.6,1.83
1951,2021-03-15,Liverpool,Wolves,1.72,3.75,4.75
1952,2021-03-19,Leeds,Fulham,3.0,3.4,2.37
1953,2021-03-20,Newcastle,Brighton,6.0,3.5,1.66
1954,2021-03-21,Arsenal,West Ham,2.45,3.5,2.8
1955,2021-03-21,Tottenham,Aston Villa,2.45,3.3,2.9
1956,2021-04-03,West Brom,Chelsea,15.0,6.0,1.22
1957,2021-04-03,Sheffield United,Leeds,6.5,4.33,1.5
1958,2021-04-03,Man City,Leicester,1.53,4.2,6.0
1959,2021-04-03,Liverpool,Arsenal,2.15,3.7,3.1
1960,2021-04-04,Burnley,Southampton,3.8,3.3,2.05
1961,2021-04-04,Tottenham,Newcastle,1.6,4.0,5.5
1962,2021-04-04,Fulham,Aston Villa,3.3,3.3,2.25
1963,2021-04-04,Brighton,Man United,5.5,4.0,1.61
1964,2021-04-05,Crystal Palace,Everton,5.0,3.5,1.75
1965,2021-04-05,West Ham,Wolves,2.55,3.2,2.87
1966,2021-04-09,Wolves,Fulham,3.1,3.0,2.5
1967,2021-04-10,Leeds,Man City,10.0,5.75,1.28
1968,2021-04-10,Aston Villa,Liverpool,6.5,4.33,1.5
1969,2021-04-10,Chelsea,Crystal Palace,1.53,3.8,7.0
1970,2021-04-11,Newcastle,Burnley,3.4,3.1,2.3
1971,2021-04-11,Leicester,West Ham,2.37,3.3,3.0
1972,2021-04-11,Man United,Tottenham,2.45,3.4,2.87
1973,2021-04-11,Arsenal,Sheffield United,1.57,3.75,6.5
1974,2021-04-12,Southampton,West Brom,2.1,3.3,3.6
1975,2021-04-12,Everton,Brighton,3.3,3.3,2.25
1976,2021-04-16,Tottenham,Everton,2.1,3.5,3.4
1977,2021-04-17,West Ham,Newcastle,2.05,3.5,3.5
1978,2021-04-17,Sheffield United,Wolves,5.75,3.5,1.66
1979,2021-04-18,Fulham,Arsenal,4.8,3.8,1.7
1980,2021-04-18,Burnley,Man United,9.0,5.25,1.33
1981,2021-04-19,Liverpool,Leeds,1.66,4.33,4.5
1982,2021-04-20,Brighton,Chelsea,6.0,4.0,1.57
1983,2021-04-21,Southampton,Tottenham,4.5,3.8,1.75
1984,2021-04-21,Man City,Aston Villa,1.36,4.75,9.0
1985,2021-04-22,West Brom,Leicester,6.0,3.8,1.53
1986,2021-04-23,Everton,Arsenal,3.75,3.5,2.0
1987,2021-04-24,Newcastle,Liverpool,12.0,6.5,1.22
1988,2021-04-24,Chelsea,West Ham,1.75,3.6,4.75
1989,2021-04-24,Brighton,Sheffield United,1.75,3.4,5.25
1990,2021-04-25,Burnley,Wolves,3.9,3.4,2.0
1991,2021-04-25,Man United,Leeds,1.75,4.2,4.0
1992,2021-04-25,West Brom,Aston Villa,4.2,3.6,1.85
1993,2021-04-26,Crystal Palace,Leicester,8.5,4.33,1.4
1994,2021-04-30,Leicester,Southampton,1.9,3.8,3.8
1995,2021-05-01,Man City,Crystal Palace,1.33,5.0,10.0
1996,2021-05-01,Leeds,Brighton,3.5,3.5,2.05
1997,2021-05-01,Fulham,Chelsea,7.5,4.4,1.44
1998,2021-05-01,Aston Villa,Everton,3.8,3.6,1.95
1999,2021-05-02,Arsenal,Newcastle,2.0,3.6,3.6
2000,2021-05-02,Sheffield United,Tottenham,12.0,6.0,1.25
2001,2021-05-03,Wolves,West Brom,2.5,3.2,2.9
2002,2021-05-03,West Ham,Burnley,2.2,3.6,3.1
2003,2021-05-07,Newcastle,Leicester,8.0,4.75,1.4
2004,2021-05-08,Tottenham,Leeds,2.0,3.8,3.4
2005,2021-05-08,Crystal Palace,Sheffield United,2.45,3.2,3.0
2006,2021-05-08,Chelsea,Man City,4.2,3.4,1.9
2007,2021-05-08,Southampton,Liverpool,11.0,6.0,1.25
2008,2021-05-09,Brighton,Wolves,2.2,3.3,3.3
2009,2021-05-09,Man United,Aston Villa,1.8,3.8,4.2
2010,2021-05-09,Everton,West Ham,3.2,3.5,2.2
2011,2021-05-09,West Brom,Arsenal,7.0,4.5,1.44
2012,2021-05-10,Burnley,Fulham,3.3,3.4,2.2
2013,2021-05-11,Leicester,Man United,2.8,3.4,2.5
2014,2021-05-11,Crystal Palace,Southampton,3.5,3.6,2.05
2015,2021-05-12,Arsenal,Chelsea,5.0,4.0,1.65
2016,2021-05-13,Everton,Aston Villa,2.6,3.4,2.7
2017,2021-05-13,Liverpool,Man United,2.2,3.75,3.0
2018,2021-05-14,Man City,Newcastle,1.25,6.0,11.0
2019,2021-05-15,Leeds,Burnley,2.1,3.75,3.2
2020,2021-05-15,Fulham,Southampton,3.6,3.6,2.0
2021,2021-05-15,West Ham,Brighton,2.3,3.6,2.9
2022,2021-05-16,Aston Villa,Crystal Palace,2.25,3.6,3.0
2023,2021-05-16,Wolves,Tottenham,6.5,4.33,1.5
2024,2021-05-16,Liverpool,West Brom,1.22,6.5,12.0
2025,2021-05-16,Sheffield United,Everton,8.5,4.75,1.36
2026,2021-05-18,Fulham,Man United,9.0,6.0,1.28
2027,2021-05-18,Leeds,Southampton,2.5,3.9,2.55
2028,2021-05-18,Man City,Brighton,1.45,4.5,7.0
2029,2021-05-18,Leicester,Chelsea,5.0,3.75,1.7
2030,2021-05-19,Wolves,Everton,4.2,3.6,1.85
2031,2021-05-19,Sheffield United,Newcastle,4.75,3.8,1.72
2032,2021-05-19,Aston Villa,Tottenham,6.0,4.5,1.5
2033,2021-05-19,Arsenal,Crystal Palace,1.5,4.5,6.0
2034,2021-05-19,Liverpool,Burnley,1.22,7.0,11.0
2035,2021-05-19,West Ham,West Brom,1.6,4.33,5.0
2036,2021-05-23,Brighton,Arsenal,5.25,4.33,1.57
2037,2021-05-23,Chelsea,Aston Villa,1.45,4.6,6.5
2038,2021-05-23,Newcastle,Fulham,3.3,3.8,2.05
2039,2021-05-23,West Brom,Leeds,6.5,5.25,1.4
2040,2021-05-23,Tottenham,Leicester,3.3,4.0,2.0
2041,2021-05-23,Crystal Palace,Liverpool,15.0,8.5,1.14
2042,2021-05-23,Everton,Man City,6.5,5.0,1.44
2043,2021-05-23,Burnley,Sheffield United,2.4,3.6,2.8
2044,2021-05-23,Southampton,West Ham,5.0,4.0,1.65
2045,2021-05-23,Man United,Wolves,2.7,3.5,2.5
