,Pts,season,round,team,Form
0,3,2022,Matchweek 2,Tottenham,3
1,3,2022,Matchweek 2,Arsenal,3
2,3,2022,Matchweek 2,Bournemouth,3
3,3,2022,Matchweek 2,Man City,3
4,3,2022,Matchweek 2,Newcastle,3
5,3,2022,Matchweek 2,Brighton,3
6,3,2022,Matchweek 2,Leeds,3
7,3,2022,Matchweek 2,Chelsea,3
8,1,2022,Matchweek 2,Brentford,1
9,1,2022,Matchweek 2,Fulham,1
10,1,2022,Matchweek 2,Leicester,1
11,1,2022,Matchweek 2,Liverpool,1
12,0,2022,Matchweek 2,Man Utd,0
13,0,2022,Matchweek 2,Wolves,0
14,0,2022,Matchweek 2,Everton,0
15,0,2022,Matchweek 2,Aston Villa,0
16,0,2022,Matchweek 2,Crystal Palace,0
17,0,2022,Matchweek 2,Nottm Forest,0
18,0,2022,Matchweek 2,West Ham,0
19,0,2022,Matchweek 2,Southampton,0
20,6,2022,Matchweek 3,Man City,6
21,6,2022,Matchweek 3,Arsenal,6
22,4,2022,Matchweek 3,Brentford,4
23,4,2022,Matchweek 3,Tottenham,4
24,4,2022,Matchweek 3,Newcastle,4
25,4,2022,Matchweek 3,Leeds,4
26,4,2022,Matchweek 3,Chelsea,4
27,4,2022,Matchweek 3,Brighton,4
28,3,2022,Matchweek 3,Aston Villa,3
29,3,2022,Matchweek 3,Nottm Forest,3
30,3,2022,Matchweek 3,Bournemouth,3
31,2,2022,Matchweek 3,Liverpool,2
32,2,2022,Matchweek 3,Fulham,2
33,1,2022,Matchweek 3,Wolves,1
34,1,2022,Matchweek 3,Leicester,1
35,1,2022,Matchweek 3,Crystal Palace,1
36,1,2022,Matchweek 3,Southampton,1
37,0,2022,Matchweek 3,Everton,0
38,0,2022,Matchweek 3,West Ham,0
39,0,2022,Matchweek 3,Man Utd,0
40,9,2022,Matchweek 4,Arsenal,9
41,7,2022,Matchweek 4,Man City,7
42,7,2022,Matchweek 4,Leeds,7
43,7,2022,Matchweek 4,Tottenham,7
44,7,2022,Matchweek 4,Brighton,7
45,5,2022,Matchweek 4,Newcastle,5
46,5,2022,Matchweek 4,Fulham,5
47,4,2022,Matchweek 4,Brentford,4
48,4,2022,Matchweek 4,Crystal Palace,4
49,4,2022,Matchweek 4,Nottm Forest,4
50,4,2022,Matchweek 4,Southampton,4
51,4,2022,Matchweek 4,Chelsea,4
52,3,2022,Matchweek 4,Aston Villa,3
53,3,2022,Matchweek 4,Man Utd,3
54,3,2022,Matchweek 4,Bournemouth,3
55,2,2022,Matchweek 4,Liverpool,2
56,1,2022,Matchweek 4,Everton,1
57,1,2022,Matchweek 4,Wolves,1
58,1,2022,Matchweek 4,Leicester,1
59,0,2022,Matchweek 4,West Ham,0
60,12,2022,Matchweek 5,Arsenal,9
61,10,2022,Matchweek 5,Man City,7
62,10,2022,Matchweek 5,Tottenham,7
63,10,2022,Matchweek 5,Brighton,7
64,7,2022,Matchweek 5,Leeds,4
65,7,2022,Matchweek 5,Chelsea,4
66,6,2022,Matchweek 5,Newcastle,3
67,6,2022,Matchweek 5,Man Utd,6
68,5,2022,Matchweek 5,Liverpool,4
69,5,2022,Matchweek 5,Brentford,4
70,5,2022,Matchweek 5,Fulham,4
71,4,2022,Matchweek 5,Crystal Palace,4
72,4,2022,Matchweek 5,Southampton,4
73,4,2022,Matchweek 5,Nottm Forest,4
74,3,2022,Matchweek 5,Aston Villa,3
75,3,2022,Matchweek 5,West Ham,3
76,3,2022,Matchweek 5,Bournemouth,0
77,2,2022,Matchweek 5,Everton,2
78,2,2022,Matchweek 5,Wolves,2
79,1,2022,Matchweek 5,Leicester,0
80,15,2022,Matchweek 6,Arsenal,9
81,13,2022,Matchweek 6,Man City,7
82,11,2022,Matchweek 6,Tottenham,7
83,10,2022,Matchweek 6,Brighton,6
84,9,2022,Matchweek 6,Man Utd,9
85,8,2022,Matchweek 6,Liverpool,6
86,8,2022,Matchweek 6,Leeds,4
87,8,2022,Matchweek 6,Fulham,6
88,7,2022,Matchweek 6,Southampton,6
89,7,2022,Matchweek 6,Chelsea,3
90,6,2022,Matchweek 6,Brentford,2
91,6,2022,Matchweek 6,Newcastle,2
92,5,2022,Matchweek 6,Crystal Palace,4
93,4,2022,Matchweek 6,West Ham,4
94,4,2022,Matchweek 6,Nottm Forest,1
95,4,2022,Matchweek 6,Bournemouth,1
96,3,2022,Matchweek 6,Everton,3
97,3,2022,Matchweek 6,Wolves,2
98,3,2022,Matchweek 6,Aston Villa,0
99,1,2022,Matchweek 6,Leicester,0
100,15,2022,Matchweek 7,Arsenal,6
101,14,2022,Matchweek 7,Man City,7
102,14,2022,Matchweek 7,Tottenham,7
103,13,2022,Matchweek 7,Brighton,6
104,12,2022,Matchweek 7,Man Utd,9
105,10,2022,Matchweek 7,Chelsea,6
106,9,2022,Matchweek 7,Liverpool,7
107,9,2022,Matchweek 7,Brentford,5
108,8,2022,Matchweek 7,Leeds,1
109,8,2022,Matchweek 7,Fulham,3
110,7,2022,Matchweek 7,Newcastle,2
111,7,2022,Matchweek 7,Southampton,3
112,7,2022,Matchweek 7,Bournemouth,4
113,6,2022,Matchweek 7,Wolves,5
114,6,2022,Matchweek 7,Crystal Palace,2
115,4,2022,Matchweek 7,Everton,3
116,4,2022,Matchweek 7,Aston Villa,1
117,4,2022,Matchweek 7,West Ham,4
118,4,2022,Matchweek 7,Nottm Forest,0
119,1,2022,Matchweek 7,Leicester,0
120,18,2022,Matchweek 8,Arsenal,6
121,17,2022,Matchweek 8,Man City,7
122,14,2022,Matchweek 8,Tottenham,4
123,13,2022,Matchweek 8,Brighton,6
124,13,2022,Matchweek 8,Man Utd,7
125,12,2022,Matchweek 8,Liverpool,7
126,12,2022,Matchweek 8,Brentford,7
127,11,2022,Matchweek 8,Fulham,6
128,10,2022,Matchweek 8,Chelsea,3
129,8,2022,Matchweek 8,Leeds,1
130,7,2022,Matchweek 8,Newcastle,2
131,7,2022,Matchweek 8,Crystal Palace,3
132,7,2022,Matchweek 8,Southampton,3
133,7,2022,Matchweek 8,Bournemouth,4
134,6,2022,Matchweek 8,Wolves,4
135,4,2022,Matchweek 8,Aston Villa,1
136,4,2022,Matchweek 8,West Ham,4
137,4,2022,Matchweek 8,Everton,2
138,4,2022,Matchweek 8,Nottm Forest,0
139,1,2022,Matchweek 8,Leicester,0
140,21,2022,Matchweek 9,Arsenal,6
141,20,2022,Matchweek 9,Man City,7
142,17,2022,Matchweek 9,Tottenham,6
143,16,2022,Matchweek 9,Brighton,6
144,14,2022,Matchweek 9,Fulham,6
145,14,2022,Matchweek 9,Man Utd,5
146,12,2022,Matchweek 9,Liverpool,7
147,12,2022,Matchweek 9,Brentford,6
148,10,2022,Matchweek 9,Chelsea,3
149,9,2022,Matchweek 9,Leeds,2
150,8,2022,Matchweek 9,Newcastle,2
151,8,2022,Matchweek 9,Bournemouth,5
152,7,2022,Matchweek 9,Crystal Palace,2
153,7,2022,Matchweek 9,Aston Villa,4
154,7,2022,Matchweek 9,Everton,4
155,7,2022,Matchweek 9,Southampton,0
156,6,2022,Matchweek 9,Wolves,3
157,4,2022,Matchweek 9,West Ham,1
158,4,2022,Matchweek 9,Nottm Forest,0
159,1,2022,Matchweek 9,Leicester,0
160,24,2022,Matchweek 10,Arsenal,9
161,23,2022,Matchweek 10,Man City,9
162,17,2022,Matchweek 10,Tottenham,3
163,17,2022,Matchweek 10,Brighton,7
164,14,2022,Matchweek 10,Fulham,6
165,14,2022,Matchweek 10,Man Utd,2
166,13,2022,Matchweek 10,Liverpool,5
167,13,2022,Matchweek 10,Brentford,4
168,13,2022,Matchweek 10,Chelsea,6
169,11,2022,Matchweek 10,Newcastle,5
170,10,2022,Matchweek 10,Leeds,2
171,10,2022,Matchweek 10,Everton,6
172,9,2022,Matchweek 10,Bournemouth,5
173,8,2022,Matchweek 10,Aston Villa,5
174,7,2022,Matchweek 10,Crystal Palace,1
175,7,2022,Matchweek 10,West Ham,3
176,7,2022,Matchweek 10,Southampton,0
177,6,2022,Matchweek 10,Wolves,0
178,4,2022,Matchweek 10,Leicester,3
179,4,2022,Matchweek 10,Nottm Forest,0
180,27,2022,Matchweek 11,Arsenal,9
181,26,2022,Matchweek 11,Man City,9
182,20,2022,Matchweek 11,Tottenham,6
183,17,2022,Matchweek 11,Brighton,4
184,17,2022,Matchweek 11,Man Utd,4
185,16,2022,Matchweek 11,Chelsea,6
186,14,2022,Matchweek 11,Newcastle,7
187,14,2022,Matchweek 11,Fulham,3
188,13,2022,Matchweek 11,Liverpool,4
189,13,2022,Matchweek 11,Brentford,1
190,12,2022,Matchweek 11,Bournemouth,5
191,10,2022,Matchweek 11,Leeds,2
192,10,2022,Matchweek 11,West Ham,6
193,10,2022,Matchweek 11,Crystal Palace,3
194,10,2022,Matchweek 11,Everton,6
195,9,2022,Matchweek 11,Aston Villa,5
196,7,2022,Matchweek 11,Southampton,0
197,6,2022,Matchweek 11,Wolves,0
198,5,2022,Matchweek 11,Nottm Forest,1
199,4,2022,Matchweek 11,Leicester,3
200,30,2022,Matchweek 12,Arsenal,9
201,26,2022,Matchweek 12,Man City,6
202,23,2022,Matchweek 12,Tottenham,6
203,19,2022,Matchweek 12,Chelsea,9
204,18,2022,Matchweek 12,Man Utd,4
205,17,2022,Matchweek 12,Brighton,1
206,16,2022,Matchweek 12,Liverpool,4
207,16,2022,Matchweek 12,Brentford,4
208,15,2022,Matchweek 12,Newcastle,7
209,15,2022,Matchweek 12,Fulham,1
210,13,2022,Matchweek 12,Bournemouth,5
211,11,2022,Matchweek 12,West Ham,7
212,11,2022,Matchweek 12,Crystal Palace,4
213,10,2022,Matchweek 12,Leeds,1
214,10,2022,Matchweek 12,Everton,3
215,9,2022,Matchweek 12,Aston Villa,2
216,9,2022,Matchweek 12,Wolves,3
217,8,2022,Matchweek 12,Southampton,1
218,5,2022,Matchweek 12,Leicester,4
219,5,2022,Matchweek 12,Nottm Forest,1
220,30,2022,Matchweek 13,Arsenal,6
221,29,2022,Matchweek 13,Man City,6
222,23,2022,Matchweek 13,Tottenham,6
223,21,2022,Matchweek 13,Man Utd,7
224,20,2022,Matchweek 13,Chelsea,7
225,19,2022,Matchweek 13,Liverpool,6
226,18,2022,Matchweek 13,Newcastle,7
227,18,2022,Matchweek 13,Brighton,1
228,18,2022,Matchweek 13,Fulham,4
229,17,2022,Matchweek 13,Brentford,4
230,14,2022,Matchweek 13,Crystal Palace,7
231,13,2022,Matchweek 13,Bournemouth,4
232,11,2022,Matchweek 13,West Ham,4
233,11,2022,Matchweek 13,Southampton,4
234,10,2022,Matchweek 13,Leeds,0
235,10,2022,Matchweek 13,Everton,0
236,9,2022,Matchweek 13,Aston Villa,1
237,9,2022,Matchweek 13,Wolves,3
238,8,2022,Matchweek 13,Leicester,4
239,6,2022,Matchweek 13,Nottm Forest,2
240,32,2022,Matchweek 14,Man City,6
241,31,2022,Matchweek 14,Arsenal,4
242,23,2022,Matchweek 14,Tottenham,3
243,22,2022,Matchweek 14,Man Utd,5
244,21,2022,Matchweek 14,Newcastle,7
245,21,2022,Matchweek 14,Chelsea,5
246,21,2022,Matchweek 14,Fulham,7
247,19,2022,Matchweek 14,Liverpool,6
248,18,2022,Matchweek 14,Brighton,1
249,17,2022,Matchweek 14,Brentford,4
250,14,2022,Matchweek 14,West Ham,4
251,14,2022,Matchweek 14,Crystal Palace,4
252,13,2022,Matchweek 14,Everton,3
253,13,2022,Matchweek 14,Bournemouth,1
254,12,2022,Matchweek 14,Aston Villa,3
255,12,2022,Matchweek 14,Southampton,5
256,11,2022,Matchweek 14,Leicester,7
257,10,2022,Matchweek 14,Leeds,0
258,9,2022,Matchweek 14,Nottm Forest,4
259,9,2022,Matchweek 14,Wolves,3
260,35,2022,Matchweek 15,Man City,9
261,34,2022,Matchweek 15,Arsenal,4
262,26,2022,Matchweek 15,Tottenham,3
263,25,2022,Matchweek 15,Man Utd,7
264,24,2022,Matchweek 15,Newcastle,9
265,22,2022,Matchweek 15,Fulham,7
266,21,2022,Matchweek 15,Brighton,4
267,21,2022,Matchweek 15,Chelsea,2
268,19,2022,Matchweek 15,Liverpool,3
269,18,2022,Matchweek 15,Brentford,2
270,17,2022,Matchweek 15,Crystal Palace,6
271,14,2022,Matchweek 15,West Ham,3
272,14,2022,Matchweek 15,Everton,4
273,13,2022,Matchweek 15,Leeds,3
274,13,2022,Matchweek 15,Bournemouth,0
275,12,2022,Matchweek 15,Aston Villa,3
276,12,2022,Matchweek 15,Southampton,4
277,11,2022,Matchweek 15,Leicester,6
278,10,2022,Matchweek 15,Wolves,1
279,9,2022,Matchweek 15,Nottm Forest,4
280,38,2022,Matchweek 16,Man City,9
281,37,2022,Matchweek 16,Arsenal,7
282,27,2022,Matchweek 16,Newcastle,9
283,26,2022,Matchweek 16,Tottenham,3
284,25,2022,Matchweek 16,Man Utd,4
285,24,2022,Matchweek 16,Brighton,6
286,22,2022,Matchweek 16,Liverpool,3
287,22,2022,Matchweek 16,Fulham,4
288,21,2022,Matchweek 16,Chelsea,1
289,20,2022,Matchweek 16,Crystal Palace,6
290,19,2022,Matchweek 16,Brentford,2
291,16,2022,Matchweek 16,Leeds,6
292,15,2022,Matchweek 16,Aston Villa,6
293,14,2022,Matchweek 16,Leicester,6
294,14,2022,Matchweek 16,West Ham,3
295,14,2022,Matchweek 16,Everton,4
296,13,2022,Matchweek 16,Bournemouth,0
297,12,2022,Matchweek 16,Southampton,1
298,10,2022,Matchweek 16,Wolves,1
299,10,2022,Matchweek 16,Nottm Forest,4
300,40,2022,Matchweek 17,Arsenal,9
301,38,2022,Matchweek 17,Man City,6
302,30,2022,Matchweek 17,Newcastle,9
303,29,2022,Matchweek 17,Tottenham,6
304,28,2022,Matchweek 17,Man Utd,6
305,25,2022,Matchweek 17,Liverpool,6
306,24,2022,Matchweek 17,Brighton,6
307,22,2022,Matchweek 17,Brentford,5
308,22,2022,Matchweek 17,Fulham,1
309,21,2022,Matchweek 17,Chelsea,0
310,20,2022,Matchweek 17,Crystal Palace,6
311,18,2022,Matchweek 17,Aston Villa,6
312,17,2022,Matchweek 17,Leicester,6
313,16,2022,Matchweek 17,Leeds,6
314,16,2022,Matchweek 17,Bournemouth,3
315,14,2022,Matchweek 17,West Ham,0
316,14,2022,Matchweek 17,Everton,1
317,13,2022,Matchweek 17,Nottm Forest,4
318,12,2022,Matchweek 17,Southampton,0
319,10,2022,Matchweek 17,Wolves,1
320,43,2022,Matchweek 18,Arsenal,9
321,41,2022,Matchweek 18,Man City,6
322,33,2022,Matchweek 18,Newcastle,9
323,31,2022,Matchweek 18,Man Utd,6
324,30,2022,Matchweek 18,Tottenham,4
325,28,2022,Matchweek 18,Liverpool,9
326,27,2022,Matchweek 18,Brighton,6
327,25,2022,Matchweek 18,Fulham,3
328,24,2022,Matchweek 18,Chelsea,3
329,23,2022,Matchweek 18,Brentford,5
330,20,2022,Matchweek 18,Crystal Palace,3
331,18,2022,Matchweek 18,Aston Villa,6
332,17,2022,Matchweek 18,Leicester,6
333,16,2022,Matchweek 18,Leeds,3
334,16,2022,Matchweek 18,Bournemouth,3
335,14,2022,Matchweek 18,West Ham,0
336,14,2022,Matchweek 18,Everton,0
337,13,2022,Matchweek 18,Wolves,3
338,13,2022,Matchweek 18,Nottm Forest,4
339,12,2022,Matchweek 18,Southampton,0
340,46,2022,Matchweek 19,Arsenal,9
341,42,2022,Matchweek 19,Man City,4
342,34,2022,Matchweek 19,Newcastle,7
343,34,2022,Matchweek 19,Man Utd,9
344,31,2022,Matchweek 19,Liverpool,9
345,30,2022,Matchweek 19,Tottenham,4
346,28,2022,Matchweek 19,Fulham,6
347,27,2022,Matchweek 19,Brighton,3
348,26,2022,Matchweek 19,Brentford,7
349,25,2022,Matchweek 19,Chelsea,4
350,23,2022,Matchweek 19,Crystal Palace,3
351,21,2022,Matchweek 19,Aston Villa,6
352,17,2022,Matchweek 19,Leicester,3
353,17,2022,Matchweek 19,Leeds,1
354,16,2022,Matchweek 19,Bournemouth,3
355,15,2022,Matchweek 19,Everton,1
356,14,2022,Matchweek 19,West Ham,0
357,14,2022,Matchweek 19,Nottm Forest,4
358,13,2022,Matchweek 19,Wolves,3
359,12,2022,Matchweek 19,Southampton,0
360,47,2022,Matchweek 20,Arsenal,7
361,45,2022,Matchweek 20,Man City,7
362,37,2022,Matchweek 20,Man Utd,9
363,35,2022,Matchweek 20,Newcastle,5
364,33,2022,Matchweek 20,Tottenham,4
365,31,2022,Matchweek 20,Liverpool,6
366,31,2022,Matchweek 20,Fulham,9
367,30,2022,Matchweek 20,Brighton,6
368,29,2022,Matchweek 20,Brentford,7
369,25,2022,Matchweek 20,Chelsea,4
370,23,2022,Matchweek 20,Crystal Palace,3
371,22,2022,Matchweek 20,Aston Villa,4
372,18,2022,Matchweek 20,Leeds,2
373,17,2022,Matchweek 20,Leicester,0
374,17,2022,Matchweek 20,Nottm Forest,4
375,16,2022,Matchweek 20,Bournemouth,0
376,15,2022,Matchweek 20,West Ham,1
377,15,2022,Matchweek 20,Everton,1
378,14,2022,Matchweek 20,Wolves,4
379,12,2022,Matchweek 20,Southampton,0
380,50,2022,Matchweek 21,Arsenal,7
381,45,2022,Matchweek 21,Man City,4
382,40,2022,Matchweek 21,Man Utd,9
383,38,2022,Matchweek 21,Newcastle,5
384,33,2022,Matchweek 21,Brighton,6
385,33,2022,Matchweek 21,Tottenham,3
386,32,2022,Matchweek 21,Brentford,9
387,31,2022,Matchweek 21,Liverpool,3
388,31,2022,Matchweek 21,Fulham,6
389,28,2022,Matchweek 21,Chelsea,4
390,25,2022,Matchweek 21,Aston Villa,7
391,23,2022,Matchweek 21,Crystal Palace,3
392,20,2022,Matchweek 21,Nottm Forest,7
393,18,2022,Matchweek 21,Leeds,2
394,17,2022,Matchweek 21,Leicester,0
395,17,2022,Matchweek 21,Wolves,4
396,16,2022,Matchweek 21,Bournemouth,0
397,15,2022,Matchweek 21,West Ham,1
398,15,2022,Matchweek 21,Everton,1
399,15,2022,Matchweek 21,Southampton,3
400,53,2022,Matchweek 22,Arsenal,7
401,48,2022,Matchweek 22,Man City,6
402,40,2022,Matchweek 22,Man Utd,6
403,39,2022,Matchweek 22,Newcastle,5
404,36,2022,Matchweek 22,Tottenham,6
405,34,2022,Matchweek 22,Brighton,7
406,33,2022,Matchweek 22,Brentford,7
407,32,2022,Matchweek 22,Liverpool,1
408,31,2022,Matchweek 22,Fulham,3
409,29,2022,Matchweek 22,Chelsea,4
410,28,2022,Matchweek 22,Aston Villa,7
411,24,2022,Matchweek 22,Crystal Palace,1
412,21,2022,Matchweek 22,Nottm Forest,7
413,19,2022,Matchweek 22,Leeds,2
414,18,2022,Matchweek 22,Leicester,1
415,18,2022,Matchweek 22,West Ham,4
416,17,2022,Matchweek 22,Wolves,4
417,17,2022,Matchweek 22,Bournemouth,1
418,15,2022,Matchweek 22,Everton,0
419,15,2022,Matchweek 22,Southampton,3
420,53,2022,Matchweek 23,Arsenal,6
421,48,2022,Matchweek 23,Man City,3
422,43,2022,Matchweek 23,Man Utd,6
423,40,2022,Matchweek 23,Newcastle,5
424,39,2022,Matchweek 23,Tottenham,6
425,37,2022,Matchweek 23,Brighton,7
426,36,2022,Matchweek 23,Brentford,7
427,32,2022,Matchweek 23,Liverpool,1
428,32,2022,Matchweek 23,Fulham,1
429,30,2022,Matchweek 23,Chelsea,5
430,28,2022,Matchweek 23,Aston Villa,6
431,24,2022,Matchweek 23,Crystal Palace,1
432,24,2022,Matchweek 23,Nottm Forest,7
433,21,2022,Matchweek 23,Leicester,4
434,20,2022,Matchweek 23,Wolves,6
435,19,2022,Matchweek 23,Leeds,1
436,19,2022,Matchweek 23,West Ham,4
437,18,2022,Matchweek 23,Everton,3
438,17,2022,Matchweek 23,Bournemouth,1
439,15,2022,Matchweek 23,Southampton,3
440,54,2022,Matchweek 24,Arsenal,4
441,51,2022,Matchweek 24,Man City,6
442,46,2022,Matchweek 24,Man Utd,6
443,41,2022,Matchweek 24,Newcastle,3
444,39,2022,Matchweek 24,Tottenham,6
445,38,2022,Matchweek 24,Brighton,5
446,37,2022,Matchweek 24,Brentford,5
447,35,2022,Matchweek 24,Liverpool,4
448,35,2022,Matchweek 24,Fulham,4
449,31,2022,Matchweek 24,Chelsea,3
450,28,2022,Matchweek 24,Aston Villa,3
451,25,2022,Matchweek 24,Crystal Palace,2
452,24,2022,Matchweek 24,Leicester,7
453,24,2022,Matchweek 24,Nottm Forest,4
454,23,2022,Matchweek 24,Wolves,6
455,20,2022,Matchweek 24,West Ham,5
456,19,2022,Matchweek 24,Leeds,1
457,18,2022,Matchweek 24,Everton,3
458,18,2022,Matchweek 24,Bournemouth,2
459,15,2022,Matchweek 24,Southampton,0
460,57,2022,Matchweek 25,Arsenal,4
461,52,2022,Matchweek 25,Man City,4
462,49,2022,Matchweek 25,Man Utd,9
463,42,2022,Matchweek 25,Tottenham,6
464,41,2022,Matchweek 25,Newcastle,2
465,38,2022,Matchweek 25,Liverpool,6
466,38,2022,Matchweek 25,Brighton,4
467,38,2022,Matchweek 25,Brentford,5
468,38,2022,Matchweek 25,Fulham,7
469,31,2022,Matchweek 25,Chelsea,2
470,28,2022,Matchweek 25,Aston Villa,0
471,26,2022,Matchweek 25,Crystal Palace,2
472,25,2022,Matchweek 25,Nottm Forest,4
473,24,2022,Matchweek 25,Leicester,6
474,23,2022,Matchweek 25,Wolves,6
475,21,2022,Matchweek 25,Everton,6
476,21,2022,Matchweek 25,Bournemouth,4
477,20,2022,Matchweek 25,West Ham,2
478,19,2022,Matchweek 25,Leeds,0
479,18,2022,Matchweek 25,Southampton,3
480,60,2022,Matchweek 26,Arsenal,7
481,55,2022,Matchweek 26,Man City,7
482,49,2022,Matchweek 26,Man Utd,9
483,45,2022,Matchweek 26,Tottenham,6
484,41,2022,Matchweek 26,Newcastle,2
485,39,2022,Matchweek 26,Liverpool,7
486,39,2022,Matchweek 26,Fulham,7
487,38,2022,Matchweek 26,Brighton,4
488,38,2022,Matchweek 26,Brentford,5
489,31,2022,Matchweek 26,Chelsea,1
490,31,2022,Matchweek 26,Aston Villa,3
491,27,2022,Matchweek 26,Crystal Palace,3
492,25,2022,Matchweek 26,Nottm Forest,1
493,24,2022,Matchweek 26,Leicester,3
494,24,2022,Matchweek 26,Wolves,4
495,23,2022,Matchweek 26,West Ham,4
496,22,2022,Matchweek 26,Leeds,3
497,21,2022,Matchweek 26,Everton,3
498,21,2022,Matchweek 26,Bournemouth,4
499,18,2022,Matchweek 26,Southampton,3
500,63,2022,Matchweek 27,Arsenal,9
501,58,2022,Matchweek 27,Man City,7
502,49,2022,Matchweek 27,Man Utd,6
503,45,2022,Matchweek 27,Tottenham,6
504,42,2022,Matchweek 27,Liverpool,7
505,41,2022,Matchweek 27,Newcastle,1
506,41,2022,Matchweek 27,Brighton,4
507,41,2022,Matchweek 27,Brentford,5
508,39,2022,Matchweek 27,Fulham,4
509,34,2022,Matchweek 27,Chelsea,3
510,34,2022,Matchweek 27,Aston Villa,6
511,27,2022,Matchweek 27,Crystal Palace,2
512,27,2022,Matchweek 27,Wolves,4
513,26,2022,Matchweek 27,Nottm Forest,2
514,24,2022,Matchweek 27,Leicester,0
515,23,2022,Matchweek 27,West Ham,3
516,22,2022,Matchweek 27,Leeds,3
517,22,2022,Matchweek 27,Everton,4
518,21,2022,Matchweek 27,Southampton,6
519,21,2022,Matchweek 27,Bournemouth,3
520,66,2022,Matchweek 28,Arsenal,9
521,61,2022,Matchweek 28,Man City,9
522,50,2022,Matchweek 28,Man Utd,4
523,48,2022,Matchweek 28,Tottenham,6
524,44,2022,Matchweek 28,Newcastle,3
525,42,2022,Matchweek 28,Liverpool,4
526,42,2022,Matchweek 28,Brighton,4
527,41,2022,Matchweek 28,Brentford,4
528,39,2022,Matchweek 28,Fulham,1
529,37,2022,Matchweek 28,Chelsea,6
530,35,2022,Matchweek 28,Aston Villa,7
531,27,2022,Matchweek 28,Crystal Palace,1
532,27,2022,Matchweek 28,Wolves,4
533,26,2022,Matchweek 28,Nottm Forest,1
534,25,2022,Matchweek 28,Everton,4
535,24,2022,Matchweek 28,Leicester,0
536,24,2022,Matchweek 28,West Ham,4
537,24,2022,Matchweek 28,Bournemouth,3
538,23,2022,Matchweek 28,Leeds,4
539,22,2022,Matchweek 28,Southampton,4
540,69,2022,Matchweek 29,Arsenal,9
541,61,2022,Matchweek 29,Man City,9
542,50,2022,Matchweek 29,Man Utd,4
543,49,2022,Matchweek 29,Tottenham,4
544,47,2022,Matchweek 29,Newcastle,6
545,42,2022,Matchweek 29,Liverpool,4
546,42,2022,Matchweek 29,Brighton,4
547,42,2022,Matchweek 29,Brentford,4
548,39,2022,Matchweek 29,Fulham,1
549,38,2022,Matchweek 29,Chelsea,7
550,38,2022,Matchweek 29,Aston Villa,7
551,27,2022,Matchweek 29,Crystal Palace,0
552,27,2022,Matchweek 29,Wolves,3
553,26,2022,Matchweek 29,Leeds,4
554,26,2022,Matchweek 29,Everton,5
555,26,2022,Matchweek 29,Nottm Forest,1
556,25,2022,Matchweek 29,Leicester,1
557,24,2022,Matchweek 29,West Ham,4
558,24,2022,Matchweek 29,Bournemouth,3
559,23,2022,Matchweek 29,Southampton,5
560,3,2021,Matchweek 2,Man Utd,3
561,3,2021,Matchweek 2,Chelsea,3
562,3,2021,Matchweek 2,Liverpool,3
563,3,2021,Matchweek 2,West Ham,3
564,3,2021,Matchweek 2,Everton,3
565,3,2021,Matchweek 2,Brentford,3
566,3,2021,Matchweek 2,Watford,3
567,3,2021,Matchweek 2,Brighton,3
568,3,2021,Matchweek 2,Leicester,3
569,3,2021,Matchweek 2,Tottenham,3
570,0,2021,Matchweek 2,Aston Villa,0
571,0,2021,Matchweek 2,Burnley,0
572,0,2021,Matchweek 2,Man City,0
573,0,2021,Matchweek 2,Wolves,0
574,0,2021,Matchweek 2,Newcastle,0
575,0,2021,Matchweek 2,Southampton,0
576,0,2021,Matchweek 2,Arsenal,0
577,0,2021,Matchweek 2,Crystal Palace,0
578,0,2021,Matchweek 2,Norwich,0
579,0,2021,Matchweek 2,Leeds,0
580,6,2021,Matchweek 3,West Ham,6
581,6,2021,Matchweek 3,Chelsea,6
582,6,2021,Matchweek 3,Liverpool,6
583,6,2021,Matchweek 3,Brighton,6
584,6,2021,Matchweek 3,Tottenham,6
585,4,2021,Matchweek 3,Man Utd,4
586,4,2021,Matchweek 3,Everton,4
587,4,2021,Matchweek 3,Brentford,4
588,3,2021,Matchweek 3,Man City,3
589,3,2021,Matchweek 3,Aston Villa,3
590,3,2021,Matchweek 3,Watford,3
591,3,2021,Matchweek 3,Leicester,3
592,1,2021,Matchweek 3,Southampton,1
593,1,2021,Matchweek 3,Crystal Palace,1
594,1,2021,Matchweek 3,Leeds,1
595,0,2021,Matchweek 3,Wolves,0
596,0,2021,Matchweek 3,Burnley,0
597,0,2021,Matchweek 3,Newcastle,0
598,0,2021,Matchweek 3,Arsenal,0
599,0,2021,Matchweek 3,Norwich,0
600,9,2021,Matchweek 4,Tottenham,9
601,7,2021,Matchweek 4,West Ham,7
602,7,2021,Matchweek 4,Man Utd,7
603,7,2021,Matchweek 4,Chelsea,7
604,7,2021,Matchweek 4,Liverpool,7
605,7,2021,Matchweek 4,Everton,7
606,6,2021,Matchweek 4,Man City,6
607,6,2021,Matchweek 4,Brighton,6
608,6,2021,Matchweek 4,Leicester,6
609,5,2021,Matchweek 4,Brentford,5
610,4,2021,Matchweek 4,Aston Villa,4
611,3,2021,Matchweek 4,Watford,3
612,2,2021,Matchweek 4,Southampton,2
613,2,2021,Matchweek 4,Crystal Palace,2
614,2,2021,Matchweek 4,Leeds,2
615,1,2021,Matchweek 4,Burnley,1
616,1,2021,Matchweek 4,Newcastle,1
617,0,2021,Matchweek 4,Wolves,0
618,0,2021,Matchweek 4,Norwich,0
619,0,2021,Matchweek 4,Arsenal,0
620,10,2021,Matchweek 5,Man Utd,7
621,10,2021,Matchweek 5,Chelsea,7
622,10,2021,Matchweek 5,Liverpool,7
623,10,2021,Matchweek 5,Everton,7
624,9,2021,Matchweek 5,Man City,9
625,9,2021,Matchweek 5,Brighton,6
626,9,2021,Matchweek 5,Tottenham,6
627,8,2021,Matchweek 5,West Ham,5
628,6,2021,Matchweek 5,Leicester,3
629,5,2021,Matchweek 5,Brentford,2
630,5,2021,Matchweek 5,Crystal Palace,5
631,4,2021,Matchweek 5,Aston Villa,4
632,3,2021,Matchweek 5,Wolves,3
633,3,2021,Matchweek 5,Southampton,3
634,3,2021,Matchweek 5,Watford,0
635,3,2021,Matchweek 5,Arsenal,3
636,2,2021,Matchweek 5,Leeds,2
637,1,2021,Matchweek 5,Burnley,1
638,1,2021,Matchweek 5,Newcastle,1
639,0,2021,Matchweek 5,Norwich,0
640,13,2021,Matchweek 6,Chelsea,7
641,13,2021,Matchweek 6,Liverpool,7
642,13,2021,Matchweek 6,Man Utd,9
643,12,2021,Matchweek 6,Brighton,6
644,10,2021,Matchweek 6,Man City,7
645,10,2021,Matchweek 6,Everton,6
646,9,2021,Matchweek 6,Tottenham,3
647,8,2021,Matchweek 6,West Ham,2
648,8,2021,Matchweek 6,Brentford,4
649,7,2021,Matchweek 6,Aston Villa,4
650,6,2021,Matchweek 6,Watford,3
651,6,2021,Matchweek 6,Leicester,3
652,6,2021,Matchweek 6,Arsenal,6
653,5,2021,Matchweek 6,Crystal Palace,4
654,4,2021,Matchweek 6,Southampton,3
655,3,2021,Matchweek 6,Wolves,3
656,3,2021,Matchweek 6,Leeds,2
657,2,2021,Matchweek 6,Newcastle,2
658,1,2021,Matchweek 6,Burnley,1
659,0,2021,Matchweek 6,Norwich,0
660,14,2021,Matchweek 7,Liverpool,7
661,13,2021,Matchweek 7,Man City,7
662,13,2021,Matchweek 7,Chelsea,6
663,13,2021,Matchweek 7,Man Utd,6
664,13,2021,Matchweek 7,Everton,6
665,13,2021,Matchweek 7,Brighton,7
666,11,2021,Matchweek 7,West Ham,4
667,10,2021,Matchweek 7,Aston Villa,6
668,9,2021,Matchweek 7,Brentford,4
669,9,2021,Matchweek 7,Arsenal,9
670,9,2021,Matchweek 7,Tottenham,0
671,7,2021,Matchweek 7,Watford,4
672,7,2021,Matchweek 7,Leicester,1
673,6,2021,Matchweek 7,Wolves,6
674,6,2021,Matchweek 7,Crystal Palace,4
675,4,2021,Matchweek 7,Southampton,2
676,3,2021,Matchweek 7,Newcastle,2
677,3,2021,Matchweek 7,Leeds,1
678,2,2021,Matchweek 7,Burnley,1
679,0,2021,Matchweek 7,Norwich,0
680,16,2021,Matchweek 8,Chelsea,6
681,15,2021,Matchweek 8,Liverpool,5
682,14,2021,Matchweek 8,Man City,5
683,14,2021,Matchweek 8,Man Utd,4
684,14,2021,Matchweek 8,Everton,4
685,14,2021,Matchweek 8,Brighton,5
686,12,2021,Matchweek 8,Brentford,7
687,12,2021,Matchweek 8,Tottenham,3
688,11,2021,Matchweek 8,West Ham,3
689,10,2021,Matchweek 8,Aston Villa,6
690,10,2021,Matchweek 8,Arsenal,7
691,9,2021,Matchweek 8,Wolves,6
692,8,2021,Matchweek 8,Leicester,2
693,7,2021,Matchweek 8,Crystal Palace,2
694,7,2021,Matchweek 8,Watford,4
695,6,2021,Matchweek 8,Leeds,4
696,4,2021,Matchweek 8,Southampton,1
697,3,2021,Matchweek 8,Burnley,2
698,3,2021,Matchweek 8,Newcastle,2
699,1,2021,Matchweek 8,Norwich,1
700,19,2021,Matchweek 9,Chelsea,6
701,18,2021,Matchweek 9,Liverpool,5
702,17,2021,Matchweek 9,Man City,7
703,15,2021,Matchweek 9,Brighton,3
704,15,2021,Matchweek 9,Tottenham,6
705,14,2021,Matchweek 9,Man Utd,1
706,14,2021,Matchweek 9,West Ham,6
707,14,2021,Matchweek 9,Everton,4
708,12,2021,Matchweek 9,Brentford,4
709,12,2021,Matchweek 9,Wolves,9
710,11,2021,Matchweek 9,Leicester,5
711,11,2021,Matchweek 9,Arsenal,5
712,10,2021,Matchweek 9,Aston Villa,3
713,8,2021,Matchweek 9,Crystal Palace,3
714,7,2021,Matchweek 9,Southampton,3
715,7,2021,Matchweek 9,Watford,1
716,6,2021,Matchweek 9,Leeds,3
717,3,2021,Matchweek 9,Burnley,2
718,3,2021,Matchweek 9,Newcastle,1
719,2,2021,Matchweek 9,Norwich,2
720,22,2021,Matchweek 10,Chelsea,9
721,21,2021,Matchweek 10,Liverpool,7
722,20,2021,Matchweek 10,Man City,7
723,17,2021,Matchweek 10,West Ham,6
724,15,2021,Matchweek 10,Brighton,2
725,15,2021,Matchweek 10,Tottenham,6
726,14,2021,Matchweek 10,Man Utd,1
727,14,2021,Matchweek 10,Everton,1
728,14,2021,Matchweek 10,Leicester,7
729,14,2021,Matchweek 10,Arsenal,5
730,13,2021,Matchweek 10,Wolves,7
731,12,2021,Matchweek 10,Brentford,3
732,10,2021,Matchweek 10,Aston Villa,0
733,10,2021,Matchweek 10,Watford,3
734,9,2021,Matchweek 10,Crystal Palace,3
735,8,2021,Matchweek 10,Southampton,4
736,7,2021,Matchweek 10,Leeds,4
737,4,2021,Matchweek 10,Burnley,2
738,4,2021,Matchweek 10,Newcastle,1
739,2,2021,Matchweek 10,Norwich,2
740,25,2021,Matchweek 11,Chelsea,9
741,22,2021,Matchweek 11,Liverpool,7
742,20,2021,Matchweek 11,Man City,6
743,20,2021,Matchweek 11,West Ham,9
744,17,2021,Matchweek 11,Man Utd,3
745,17,2021,Matchweek 11,Arsenal,7
746,16,2021,Matchweek 11,Wolves,7
747,16,2021,Matchweek 11,Brighton,2
748,15,2021,Matchweek 11,Tottenham,3
749,14,2021,Matchweek 11,Everton,0
750,14,2021,Matchweek 11,Leicester,6
751,12,2021,Matchweek 11,Brentford,0
752,12,2021,Matchweek 11,Crystal Palace,5
753,11,2021,Matchweek 11,Southampton,7
754,10,2021,Matchweek 11,Aston Villa,0
755,10,2021,Matchweek 11,Watford,3
756,10,2021,Matchweek 11,Leeds,4
757,7,2021,Matchweek 11,Burnley,4
758,4,2021,Matchweek 11,Newcastle,1
759,2,2021,Matchweek 11,Norwich,1
760,26,2021,Matchweek 12,Chelsea,7
761,23,2021,Matchweek 12,Man City,6
762,23,2021,Matchweek 12,West Ham,9
763,22,2021,Matchweek 12,Liverpool,4
764,20,2021,Matchweek 12,Arsenal,9
765,17,2021,Matchweek 12,Man Utd,3
766,17,2021,Matchweek 12,Brighton,2
767,16,2021,Matchweek 12,Wolves,4
768,16,2021,Matchweek 12,Tottenham,1
769,15,2021,Matchweek 12,Crystal Palace,7
770,15,2021,Matchweek 12,Everton,1
771,15,2021,Matchweek 12,Leicester,4
772,14,2021,Matchweek 12,Southampton,7
773,12,2021,Matchweek 12,Brentford,0
774,11,2021,Matchweek 12,Leeds,5
775,10,2021,Matchweek 12,Aston Villa,0
776,10,2021,Matchweek 12,Watford,3
777,8,2021,Matchweek 12,Burnley,5
778,5,2021,Matchweek 12,Newcastle,2
779,5,2021,Matchweek 12,Norwich,3
780,29,2021,Matchweek 13,Chelsea,7
781,26,2021,Matchweek 13,Man City,6
782,25,2021,Matchweek 13,Liverpool,4
783,23,2021,Matchweek 13,West Ham,6
784,20,2021,Matchweek 13,Arsenal,6
785,19,2021,Matchweek 13,Wolves,6
786,19,2021,Matchweek 13,Tottenham,4
787,17,2021,Matchweek 13,Man Utd,3
788,17,2021,Matchweek 13,Brighton,2
789,16,2021,Matchweek 13,Crystal Palace,7
790,15,2021,Matchweek 13,Everton,1
791,15,2021,Matchweek 13,Leicester,1
792,14,2021,Matchweek 13,Southampton,6
793,13,2021,Matchweek 13,Brentford,1
794,13,2021,Matchweek 13,Aston Villa,3
795,13,2021,Matchweek 13,Watford,3
796,11,2021,Matchweek 13,Leeds,4
797,9,2021,Matchweek 13,Burnley,5
798,8,2021,Matchweek 13,Norwich,6
799,6,2021,Matchweek 13,Newcastle,2
800,30,2021,Matchweek 14,Chelsea,5
801,29,2021,Matchweek 14,Man City,9
802,28,2021,Matchweek 14,Liverpool,6
803,23,2021,Matchweek 14,West Ham,3
804,23,2021,Matchweek 14,Arsenal,6
805,20,2021,Matchweek 14,Wolves,4
806,19,2021,Matchweek 14,Tottenham,4
807,18,2021,Matchweek 14,Man Utd,1
808,18,2021,Matchweek 14,Brighton,2
809,18,2021,Matchweek 14,Leicester,4
810,16,2021,Matchweek 14,Crystal Palace,4
811,16,2021,Matchweek 14,Brentford,4
812,16,2021,Matchweek 14,Aston Villa,6
813,15,2021,Matchweek 14,Everton,1
814,14,2021,Matchweek 14,Southampton,3
815,13,2021,Matchweek 14,Watford,3
816,12,2021,Matchweek 14,Burnley,5
817,12,2021,Matchweek 14,Leeds,2
818,9,2021,Matchweek 14,Norwich,7
819,6,2021,Matchweek 14,Newcastle,2
820,33,2021,Matchweek 15,Chelsea,7
821,32,2021,Matchweek 15,Man City,9
822,31,2021,Matchweek 15,Liverpool,9
823,24,2021,Matchweek 15,West Ham,1
824,23,2021,Matchweek 15,Arsenal,3
825,22,2021,Matchweek 15,Tottenham,6
826,21,2021,Matchweek 15,Man Utd,4
827,21,2021,Matchweek 15,Wolves,5
828,19,2021,Matchweek 15,Brighton,2
829,19,2021,Matchweek 15,Leicester,4
830,16,2021,Matchweek 15,Crystal Palace,1
831,16,2021,Matchweek 15,Brentford,4
832,16,2021,Matchweek 15,Aston Villa,6
833,15,2021,Matchweek 15,Everton,0
834,15,2021,Matchweek 15,Leeds,4
835,15,2021,Matchweek 15,Southampton,1
836,13,2021,Matchweek 15,Burnley,5
837,13,2021,Matchweek 15,Watford,3
838,10,2021,Matchweek 15,Norwich,5
839,7,2021,Matchweek 15,Newcastle,2
840,35,2021,Matchweek 16,Man City,9
841,34,2021,Matchweek 16,Liverpool,9
842,33,2021,Matchweek 16,Chelsea,4
843,27,2021,Matchweek 16,West Ham,4
844,25,2021,Matchweek 16,Tottenham,6
845,24,2021,Matchweek 16,Man Utd,7
846,23,2021,Matchweek 16,Arsenal,3
847,21,2021,Matchweek 16,Wolves,2
848,20,2021,Matchweek 16,Brighton,3
849,19,2021,Matchweek 16,Aston Villa,6
850,19,2021,Matchweek 16,Leicester,4
851,18,2021,Matchweek 16,Everton,3
852,17,2021,Matchweek 16,Brentford,4
853,16,2021,Matchweek 16,Crystal Palace,0
854,16,2021,Matchweek 16,Leeds,5
855,16,2021,Matchweek 16,Southampton,2
856,13,2021,Matchweek 16,Burnley,4
857,13,2021,Matchweek 16,Watford,0
858,10,2021,Matchweek 16,Newcastle,4
859,10,2021,Matchweek 16,Norwich,2
860,38,2021,Matchweek 17,Man City,9
861,37,2021,Matchweek 17,Liverpool,9
862,36,2021,Matchweek 17,Chelsea,6
863,28,2021,Matchweek 17,West Ham,5
864,28,2021,Matchweek 17,Tottenham,9
865,27,2021,Matchweek 17,Man Utd,9
866,26,2021,Matchweek 17,Arsenal,3
867,22,2021,Matchweek 17,Leicester,4
868,21,2021,Matchweek 17,Wolves,1
869,20,2021,Matchweek 17,Brentford,4
870,20,2021,Matchweek 17,Brighton,2
871,19,2021,Matchweek 17,Crystal Palace,3
872,19,2021,Matchweek 17,Aston Villa,3
873,18,2021,Matchweek 17,Everton,3
874,16,2021,Matchweek 17,Leeds,4
875,16,2021,Matchweek 17,Southampton,2
876,14,2021,Matchweek 17,Burnley,2
877,13,2021,Matchweek 17,Watford,0
878,10,2021,Matchweek 17,Newcastle,4
879,10,2021,Matchweek 17,Norwich,1
880,41,2021,Matchweek 18,Man City,9
881,40,2021,Matchweek 18,Liverpool,9
882,37,2021,Matchweek 18,Chelsea,4
883,31,2021,Matchweek 18,Tottenham,9
884,30,2021,Matchweek 18,Man Utd,9
885,29,2021,Matchweek 18,Arsenal,6
886,28,2021,Matchweek 18,West Ham,4
887,24,2021,Matchweek 18,Wolves,3
888,22,2021,Matchweek 18,Leicester,3
889,22,2021,Matchweek 18,Aston Villa,6
890,20,2021,Matchweek 18,Crystal Palace,4
891,20,2021,Matchweek 18,Brentford,4
892,20,2021,Matchweek 18,Brighton,1
893,19,2021,Matchweek 18,Everton,4
894,17,2021,Matchweek 18,Southampton,2
895,16,2021,Matchweek 18,Leeds,1
896,15,2021,Matchweek 18,Burnley,2
897,14,2021,Matchweek 18,Watford,1
898,10,2021,Matchweek 18,Newcastle,3
899,10,2021,Matchweek 18,Norwich,0
900,44,2021,Matchweek 19,Man City,9
901,41,2021,Matchweek 19,Liverpool,7
902,38,2021,Matchweek 19,Chelsea,5
903,33,2021,Matchweek 19,Man Utd,9
904,32,2021,Matchweek 19,Arsenal,9
905,32,2021,Matchweek 19,Tottenham,7
906,31,2021,Matchweek 19,West Ham,4
907,25,2021,Matchweek 19,Wolves,4
908,23,2021,Matchweek 19,Crystal Palace,7
909,23,2021,Matchweek 19,Leicester,4
910,23,2021,Matchweek 19,Aston Villa,4
911,20,2021,Matchweek 19,Brentford,3
912,20,2021,Matchweek 19,Southampton,4
913,20,2021,Matchweek 19,Brighton,0
914,20,2021,Matchweek 19,Everton,2
915,16,2021,Matchweek 19,Burnley,3
916,16,2021,Matchweek 19,Leeds,0
917,14,2021,Matchweek 19,Watford,1
918,10,2021,Matchweek 19,Newcastle,0
919,10,2021,Matchweek 19,Norwich,0
920,47,2021,Matchweek 20,Man City,9
921,44,2021,Matchweek 20,Liverpool,7
922,41,2021,Matchweek 20,Chelsea,5
923,35,2021,Matchweek 20,Arsenal,9
924,35,2021,Matchweek 20,Tottenham,7
925,34,2021,Matchweek 20,Man Utd,7
926,31,2021,Matchweek 20,West Ham,3
927,28,2021,Matchweek 20,Wolves,7
928,23,2021,Matchweek 20,Crystal Palace,4
929,23,2021,Matchweek 20,Leicester,1
930,23,2021,Matchweek 20,Aston Villa,4
931,23,2021,Matchweek 20,Brighton,3
932,23,2021,Matchweek 20,Southampton,7
933,20,2021,Matchweek 20,Brentford,0
934,20,2021,Matchweek 20,Everton,2
935,19,2021,Matchweek 20,Burnley,5
936,16,2021,Matchweek 20,Leeds,0
937,14,2021,Matchweek 20,Watford,1
938,11,2021,Matchweek 20,Newcastle,1
939,10,2021,Matchweek 20,Norwich,0
940,50,2021,Matchweek 21,Man City,9
941,44,2021,Matchweek 21,Liverpool,4
942,42,2021,Matchweek 21,Chelsea,5
943,38,2021,Matchweek 21,Arsenal,9
944,37,2021,Matchweek 21,Man Utd,7
945,36,2021,Matchweek 21,Tottenham,5
946,34,2021,Matchweek 21,West Ham,6
947,28,2021,Matchweek 21,Wolves,4
948,26,2021,Matchweek 21,Crystal Palace,6
949,26,2021,Matchweek 21,Aston Villa,4
950,26,2021,Matchweek 21,Leicester,4
951,24,2021,Matchweek 21,Brighton,4
952,24,2021,Matchweek 21,Southampton,7
953,23,2021,Matchweek 21,Everton,4
954,20,2021,Matchweek 21,Brentford,0
955,19,2021,Matchweek 21,Burnley,4
956,16,2021,Matchweek 21,Leeds,0
957,14,2021,Matchweek 21,Watford,0
958,11,2021,Matchweek 21,Newcastle,1
959,10,2021,Matchweek 21,Norwich,0
960,53,2021,Matchweek 22,Man City,9
961,45,2021,Matchweek 22,Liverpool,4
962,43,2021,Matchweek 22,Chelsea,5
963,39,2021,Matchweek 22,Tottenham,7
964,38,2021,Matchweek 22,Arsenal,6
965,37,2021,Matchweek 22,West Ham,6
966,37,2021,Matchweek 22,Man Utd,4
967,31,2021,Matchweek 22,Wolves,6
968,29,2021,Matchweek 22,Leicester,6
969,27,2021,Matchweek 22,Brighton,7
970,26,2021,Matchweek 22,Crystal Palace,3
971,26,2021,Matchweek 22,Aston Villa,3
972,24,2021,Matchweek 22,Southampton,4
973,23,2021,Matchweek 22,Brentford,3
974,23,2021,Matchweek 22,Everton,3
975,19,2021,Matchweek 22,Burnley,3
976,19,2021,Matchweek 22,Leeds,3
977,14,2021,Matchweek 22,Watford,0
978,14,2021,Matchweek 22,Newcastle,4
979,10,2021,Matchweek 22,Norwich,0
980,56,2021,Matchweek 23,Man City,9
981,48,2021,Matchweek 23,Liverpool,4
982,43,2021,Matchweek 23,Chelsea,2
983,42,2021,Matchweek 23,Tottenham,7
984,38,2021,Matchweek 23,Man Utd,4
985,38,2021,Matchweek 23,Arsenal,3
986,37,2021,Matchweek 23,West Ham,6
987,34,2021,Matchweek 23,Wolves,6
988,32,2021,Matchweek 23,Leicester,9
989,28,2021,Matchweek 23,Brighton,5
990,27,2021,Matchweek 23,Crystal Palace,4
991,27,2021,Matchweek 23,Aston Villa,4
992,24,2021,Matchweek 23,Southampton,1
993,23,2021,Matchweek 23,Everton,3
994,23,2021,Matchweek 23,Brentford,3
995,22,2021,Matchweek 23,Leeds,6
996,19,2021,Matchweek 23,Burnley,0
997,15,2021,Matchweek 23,Watford,1
998,15,2021,Matchweek 23,Newcastle,4
999,13,2021,Matchweek 23,Norwich,3
1000,57,2021,Matchweek 24,Man City,7
1001,51,2021,Matchweek 24,Liverpool,7
1002,46,2021,Matchweek 24,Chelsea,4
1003,42,2021,Matchweek 24,Tottenham,6
1004,41,2021,Matchweek 24,Man Utd,4
1005,39,2021,Matchweek 24,Arsenal,1
1006,37,2021,Matchweek 24,West Ham,3
1007,37,2021,Matchweek 24,Wolves,9
1008,33,2021,Matchweek 24,Leicester,7
1009,30,2021,Matchweek 24,Aston Villa,4
1010,29,2021,Matchweek 24,Brighton,5
1011,27,2021,Matchweek 24,Crystal Palace,1
1012,25,2021,Matchweek 24,Southampton,1
1013,23,2021,Matchweek 24,Everton,0
1014,23,2021,Matchweek 24,Brentford,3
1015,22,2021,Matchweek 24,Leeds,6
1016,20,2021,Matchweek 24,Burnley,1
1017,18,2021,Matchweek 24,Newcastle,7
1018,16,2021,Matchweek 24,Norwich,6
1019,15,2021,Matchweek 24,Watford,1
1020,60,2021,Matchweek 25,Man City,7
1021,54,2021,Matchweek 25,Liverpool,9
1022,47,2021,Matchweek 25,Chelsea,4
1023,42,2021,Matchweek 25,Man Utd,5
1024,42,2021,Matchweek 25,Arsenal,4
1025,42,2021,Matchweek 25,Tottenham,3
1026,40,2021,Matchweek 25,West Ham,3
1027,37,2021,Matchweek 25,Wolves,6
1028,33,2021,Matchweek 25,Leicester,4
1029,31,2021,Matchweek 25,Aston Villa,5
1030,30,2021,Matchweek 25,Brighton,3
1031,28,2021,Matchweek 25,Crystal Palace,2
1032,28,2021,Matchweek 25,Southampton,4
1033,23,2021,Matchweek 25,Everton,0
1034,23,2021,Matchweek 25,Brentford,0
1035,23,2021,Matchweek 25,Leeds,4
1036,21,2021,Matchweek 25,Burnley,2
1037,21,2021,Matchweek 25,Newcastle,7
1038,17,2021,Matchweek 25,Norwich,7
1039,15,2021,Matchweek 25,Watford,1
1040,63,2021,Matchweek 26,Man City,7
1041,57,2021,Matchweek 26,Liverpool,9
1042,47,2021,Matchweek 26,Chelsea,4
1043,45,2021,Matchweek 26,Arsenal,7
1044,43,2021,Matchweek 26,Man Utd,5
1045,42,2021,Matchweek 26,Tottenham,0
1046,41,2021,Matchweek 26,West Ham,4
1047,40,2021,Matchweek 26,Wolves,6
1048,34,2021,Matchweek 26,Leicester,2
1049,33,2021,Matchweek 26,Brighton,5
1050,31,2021,Matchweek 26,Aston Villa,4
1051,29,2021,Matchweek 26,Crystal Palace,2
1052,29,2021,Matchweek 26,Southampton,5
1053,26,2021,Matchweek 26,Everton,3
1054,24,2021,Matchweek 26,Brentford,1
1055,24,2021,Matchweek 26,Newcastle,9
1056,23,2021,Matchweek 26,Leeds,1
1057,21,2021,Matchweek 26,Burnley,2
1058,17,2021,Matchweek 26,Norwich,4
1059,15,2021,Matchweek 26,Watford,0
1060,63,2021,Matchweek 27,Man City,6
1061,60,2021,Matchweek 27,Liverpool,9
1062,50,2021,Matchweek 27,Chelsea,4
1063,48,2021,Matchweek 27,Arsenal,9
1064,46,2021,Matchweek 27,Man Utd,5
1065,45,2021,Matchweek 27,Tottenham,3
1066,43,2021,Matchweek 27,Wolves,6
1067,42,2021,Matchweek 27,West Ham,5
1068,34,2021,Matchweek 27,Leicester,1
1069,33,2021,Matchweek 27,Brighton,4
1070,32,2021,Matchweek 27,Southampton,7
1071,31,2021,Matchweek 27,Aston Villa,1
1072,29,2021,Matchweek 27,Crystal Palace,2
1073,26,2021,Matchweek 27,Everton,3
1074,25,2021,Matchweek 27,Newcastle,7
1075,24,2021,Matchweek 27,Burnley,4
1076,24,2021,Matchweek 27,Brentford,1
1077,23,2021,Matchweek 27,Leeds,1
1078,18,2021,Matchweek 27,Watford,3
1079,17,2021,Matchweek 27,Norwich,1
1080,66,2021,Matchweek 28,Man City,6
1081,63,2021,Matchweek 28,Liverpool,9
1082,51,2021,Matchweek 28,Chelsea,4
1083,48,2021,Matchweek 28,Arsenal,6
1084,48,2021,Matchweek 28,Tottenham,6
1085,47,2021,Matchweek 28,Man Utd,5
1086,45,2021,Matchweek 28,West Ham,5
1087,43,2021,Matchweek 28,Wolves,6
1088,35,2021,Matchweek 28,Leicester,2
1089,35,2021,Matchweek 28,Southampton,7
1090,34,2021,Matchweek 28,Aston Villa,3
1091,33,2021,Matchweek 28,Brighton,3
1092,30,2021,Matchweek 28,Crystal Palace,2
1093,28,2021,Matchweek 28,Newcastle,7
1094,26,2021,Matchweek 28,Everton,3
1095,25,2021,Matchweek 28,Burnley,4
1096,24,2021,Matchweek 28,Brentford,1
1097,23,2021,Matchweek 28,Leeds,0
1098,19,2021,Matchweek 28,Watford,4
1099,17,2021,Matchweek 28,Norwich,0
1100,69,2021,Matchweek 29,Man City,6
1101,66,2021,Matchweek 29,Liverpool,9
1102,54,2021,Matchweek 29,Chelsea,7
1103,51,2021,Matchweek 29,Tottenham,9
1104,51,2021,Matchweek 29,Arsenal,6
1105,47,2021,Matchweek 29,Man Utd,4
1106,45,2021,Matchweek 29,West Ham,4
1107,43,2021,Matchweek 29,Wolves,3
1108,38,2021,Matchweek 29,Leicester,4
1109,37,2021,Matchweek 29,Aston Villa,6
1110,35,2021,Matchweek 29,Southampton,6
1111,33,2021,Matchweek 29,Crystal Palace,4
1112,33,2021,Matchweek 29,Brighton,0
1113,31,2021,Matchweek 29,Newcastle,7
1114,27,2021,Matchweek 29,Brentford,3
1115,26,2021,Matchweek 29,Everton,0
1116,25,2021,Matchweek 29,Burnley,4
1117,23,2021,Matchweek 29,Leeds,0
1118,19,2021,Matchweek 29,Watford,4
1119,17,2021,Matchweek 29,Norwich,0
1120,70,2021,Matchweek 30,Man City,7
1121,69,2021,Matchweek 30,Liverpool,9
1122,57,2021,Matchweek 30,Chelsea,7
1123,54,2021,Matchweek 30,Arsenal,6
1124,51,2021,Matchweek 30,Tottenham,6
1125,50,2021,Matchweek 30,Man Utd,4
1126,48,2021,Matchweek 30,West Ham,6
1127,46,2021,Matchweek 30,Wolves,3
1128,38,2021,Matchweek 30,Leicester,4
1129,37,2021,Matchweek 30,Aston Villa,6
1130,35,2021,Matchweek 30,Southampton,3
1131,34,2021,Matchweek 30,Crystal Palace,5
1132,33,2021,Matchweek 30,Brighton,0
1133,31,2021,Matchweek 30,Newcastle,6
1134,30,2021,Matchweek 30,Brentford,6
1135,26,2021,Matchweek 30,Everton,0
1136,26,2021,Matchweek 30,Leeds,3
1137,25,2021,Matchweek 30,Burnley,1
1138,22,2021,Matchweek 30,Watford,4
1139,17,2021,Matchweek 30,Norwich,0
1140,73,2021,Matchweek 31,Man City,7
1141,72,2021,Matchweek 31,Liverpool,9
1142,60,2021,Matchweek 31,Chelsea,9
1143,57,2021,Matchweek 31,Arsenal,9
1144,54,2021,Matchweek 31,Tottenham,6
1145,50,2021,Matchweek 31,Man Utd,3
1146,48,2021,Matchweek 31,West Ham,3
1147,46,2021,Matchweek 31,Wolves,3
1148,41,2021,Matchweek 31,Leicester,6
1149,37,2021,Matchweek 31,Aston Villa,3
1150,35,2021,Matchweek 31,Southampton,0
1151,34,2021,Matchweek 31,Crystal Palace,4
1152,34,2021,Matchweek 31,Newcastle,6
1153,33,2021,Matchweek 31,Brighton,0
1154,30,2021,Matchweek 31,Brentford,6
1155,29,2021,Matchweek 31,Leeds,6
1156,28,2021,Matchweek 31,Burnley,3
1157,27,2021,Matchweek 31,Everton,1
1158,23,2021,Matchweek 31,Watford,4
1159,17,2021,Matchweek 31,Norwich,0
1160,76,2021,Matchweek 32,Man City,7
1161,75,2021,Matchweek 32,Liverpool,9
1162,60,2021,Matchweek 32,Chelsea,6
1163,57,2021,Matchweek 32,Tottenham,6
1164,57,2021,Matchweek 32,Arsenal,6
1165,51,2021,Matchweek 32,West Ham,6
1166,51,2021,Matchweek 32,Man Utd,4
1167,49,2021,Matchweek 32,Wolves,6
1168,42,2021,Matchweek 32,Leicester,4
1169,37,2021,Matchweek 32,Crystal Palace,4
1170,37,2021,Matchweek 32,Aston Villa,0
1171,36,2021,Matchweek 32,Southampton,1
1172,34,2021,Matchweek 32,Brighton,1
1173,34,2021,Matchweek 32,Newcastle,3
1174,33,2021,Matchweek 32,Brentford,6
1175,30,2021,Matchweek 32,Leeds,7
1176,28,2021,Matchweek 32,Burnley,3
1177,27,2021,Matchweek 32,Everton,1
1178,23,2021,Matchweek 32,Watford,4
1179,18,2021,Matchweek 32,Norwich,1
1180,77,2021,Matchweek 33,Man City,7
1181,76,2021,Matchweek 33,Liverpool,7
1182,63,2021,Matchweek 33,Chelsea,6
1183,60,2021,Matchweek 33,Tottenham,9
1184,57,2021,Matchweek 33,Arsenal,3
1185,51,2021,Matchweek 33,West Ham,3
1186,51,2021,Matchweek 33,Man Utd,1
1187,49,2021,Matchweek 33,Wolves,3
1188,45,2021,Matchweek 33,Leicester,7
1189,37,2021,Matchweek 33,Crystal Palace,3
1190,37,2021,Matchweek 33,Aston Villa,0
1191,37,2021,Matchweek 33,Brighton,4
1192,37,2021,Matchweek 33,Newcastle,6
1193,36,2021,Matchweek 33,Brentford,6
1194,36,2021,Matchweek 33,Southampton,1
1195,33,2021,Matchweek 33,Leeds,7
1196,30,2021,Matchweek 33,Everton,4
1197,28,2021,Matchweek 33,Burnley,3
1198,23,2021,Matchweek 33,Watford,1
1199,21,2021,Matchweek 33,Norwich,4
1200,80,2021,Matchweek 34,Man City,7
1201,79,2021,Matchweek 34,Liverpool,7
1202,66,2021,Matchweek 34,Chelsea,6
1203,60,2021,Matchweek 34,Tottenham,6
1204,57,2021,Matchweek 34,Arsenal,0
1205,54,2021,Matchweek 34,Man Utd,4
1206,52,2021,Matchweek 34,West Ham,4
1207,49,2021,Matchweek 34,Wolves,3
1208,45,2021,Matchweek 34,Leicester,4
1209,40,2021,Matchweek 34,Brighton,7
1210,40,2021,Matchweek 34,Newcastle,6
1211,39,2021,Matchweek 34,Brentford,9
1212,39,2021,Matchweek 34,Southampton,4
1213,37,2021,Matchweek 34,Crystal Palace,3
1214,37,2021,Matchweek 34,Aston Villa,0
1215,33,2021,Matchweek 34,Everton,6
1216,33,2021,Matchweek 34,Leeds,4
1217,29,2021,Matchweek 34,Burnley,1
1218,23,2021,Matchweek 34,Watford,0
1219,21,2021,Matchweek 34,Norwich,4
1220,83,2021,Matchweek 35,Man City,7
1221,82,2021,Matchweek 35,Liverpool,7
1222,69,2021,Matchweek 35,Chelsea,9
1223,61,2021,Matchweek 35,Tottenham,4
1224,60,2021,Matchweek 35,Arsenal,3
1225,54,2021,Matchweek 35,Man Utd,3
1226,52,2021,Matchweek 35,West Ham,1
1227,49,2021,Matchweek 35,Wolves,0
1228,46,2021,Matchweek 35,Leicester,4
1229,43,2021,Matchweek 35,Newcastle,9
1230,41,2021,Matchweek 35,Brighton,7
1231,40,2021,Matchweek 35,Brentford,7
1232,40,2021,Matchweek 35,Southampton,4
1233,38,2021,Matchweek 35,Crystal Palace,1
1234,38,2021,Matchweek 35,Aston Villa,1
1235,34,2021,Matchweek 35,Leeds,4
1236,33,2021,Matchweek 35,Everton,6
1237,32,2021,Matchweek 35,Burnley,4
1238,23,2021,Matchweek 35,Watford,0
1239,21,2021,Matchweek 35,Norwich,3
1240,86,2021,Matchweek 36,Man City,9
1241,85,2021,Matchweek 36,Liverpool,9
1242,69,2021,Matchweek 36,Chelsea,6
1243,64,2021,Matchweek 36,Tottenham,4
1244,63,2021,Matchweek 36,Arsenal,6
1245,57,2021,Matchweek 36,Man Utd,6
1246,52,2021,Matchweek 36,West Ham,1
1247,49,2021,Matchweek 36,Wolves,0
1248,46,2021,Matchweek 36,Leicester,1
1249,44,2021,Matchweek 36,Brighton,7
1250,43,2021,Matchweek 36,Newcastle,6
1251,41,2021,Matchweek 36,Crystal Palace,4
1252,41,2021,Matchweek 36,Aston Villa,4
1253,40,2021,Matchweek 36,Brentford,4
1254,40,2021,Matchweek 36,Southampton,4
1255,36,2021,Matchweek 36,Everton,6
1256,35,2021,Matchweek 36,Burnley,7
1257,34,2021,Matchweek 36,Leeds,1
1258,23,2021,Matchweek 36,Watford,0
1259,21,2021,Matchweek 36,Norwich,0
1260,89,2021,Matchweek 37,Man City,9
1261,86,2021,Matchweek 37,Liverpool,7
1262,70,2021,Matchweek 37,Chelsea,4
1263,66,2021,Matchweek 37,Arsenal,9
1264,65,2021,Matchweek 37,Tottenham,5
1265,57,2021,Matchweek 37,Man Utd,3
1266,55,2021,Matchweek 37,West Ham,3
1267,50,2021,Matchweek 37,Wolves,1
1268,47,2021,Matchweek 37,Brighton,7
1269,46,2021,Matchweek 37,Leicester,1
1270,44,2021,Matchweek 37,Crystal Palace,7
1271,44,2021,Matchweek 37,Aston Villa,7
1272,43,2021,Matchweek 37,Brentford,4
1273,43,2021,Matchweek 37,Newcastle,3
1274,40,2021,Matchweek 37,Southampton,1
1275,39,2021,Matchweek 37,Everton,6
1276,35,2021,Matchweek 37,Burnley,6
1277,34,2021,Matchweek 37,Leeds,1
1278,23,2021,Matchweek 37,Watford,0
1279,21,2021,Matchweek 37,Norwich,0
1280,90,2021,Matchweek 38,Man City,7
1281,89,2021,Matchweek 38,Liverpool,7
1282,71,2021,Matchweek 38,Chelsea,2
1283,68,2021,Matchweek 38,Tottenham,7
1284,66,2021,Matchweek 38,Arsenal,6
1285,58,2021,Matchweek 38,Man Utd,4
1286,56,2021,Matchweek 38,West Ham,4
1287,51,2021,Matchweek 38,Wolves,2
1288,49,2021,Matchweek 38,Leicester,3
1289,48,2021,Matchweek 38,Brighton,7
1290,46,2021,Matchweek 38,Brentford,6
1291,46,2021,Matchweek 38,Newcastle,3
1292,45,2021,Matchweek 38,Crystal Palace,7
1293,45,2021,Matchweek 38,Aston Villa,7
1294,40,2021,Matchweek 38,Southampton,0
1295,39,2021,Matchweek 38,Everton,6
1296,35,2021,Matchweek 38,Burnley,3
1297,35,2021,Matchweek 38,Leeds,1
1298,23,2021,Matchweek 38,Watford,0
1299,22,2021,Matchweek 38,Norwich,1
1300,93,2021,Matchweek 39,Man City,7
1301,92,2021,Matchweek 39,Liverpool,7
1302,74,2021,Matchweek 39,Chelsea,5
1303,71,2021,Matchweek 39,Tottenham,7
1304,69,2021,Matchweek 39,Arsenal,6
1305,58,2021,Matchweek 39,Man Utd,1
1306,56,2021,Matchweek 39,West Ham,4
1307,52,2021,Matchweek 39,Leicester,6
1308,51,2021,Matchweek 39,Brighton,7
1309,51,2021,Matchweek 39,Wolves,2
1310,49,2021,Matchweek 39,Newcastle,6
1311,48,2021,Matchweek 39,Crystal Palace,7
1312,46,2021,Matchweek 39,Brentford,6
1313,45,2021,Matchweek 39,Aston Villa,4
1314,40,2021,Matchweek 39,Southampton,0
1315,39,2021,Matchweek 39,Everton,3
1316,38,2021,Matchweek 39,Leeds,4
1317,35,2021,Matchweek 39,Burnley,0
1318,23,2021,Matchweek 39,Watford,0
1319,22,2021,Matchweek 39,Norwich,1
1320,3,2020,Matchweek 2,Arsenal,3
1321,3,2020,Matchweek 2,Leicester,3
1322,3,2020,Matchweek 2,Chelsea,3
1323,3,2020,Matchweek 2,Man City,3
1324,3,2020,Matchweek 2,Newcastle,3
1325,3,2020,Matchweek 2,Wolves,3
1326,3,2020,Matchweek 2,Liverpool,3
1327,3,2020,Matchweek 2,Crystal Palace,3
1328,3,2020,Matchweek 2,Everton,3
1329,3,2020,Matchweek 2,Man Utd,3
1330,0,2020,Matchweek 2,Leeds,0
1331,0,2020,Matchweek 2,Burnley,0
1332,0,2020,Matchweek 2,Southampton,0
1333,0,2020,Matchweek 2,Tottenham,0
1334,0,2020,Matchweek 2,Brighton,0
1335,0,2020,Matchweek 2,Aston Villa,0
1336,0,2020,Matchweek 2,Sheff Utd,0
1337,0,2020,Matchweek 2,West Ham,0
1338,0,2020,Matchweek 2,Fulham,0
1339,0,2020,Matchweek 2,West Brom,0
1340,6,2020,Matchweek 3,Leicester,6
1341,6,2020,Matchweek 3,Everton,6
1342,6,2020,Matchweek 3,Arsenal,6
1343,6,2020,Matchweek 3,Man City,6
1344,6,2020,Matchweek 3,Liverpool,6
1345,6,2020,Matchweek 3,Crystal Palace,6
1346,3,2020,Matchweek 3,Tottenham,3
1347,3,2020,Matchweek 3,Brighton,3
1348,3,2020,Matchweek 3,Leeds,3
1349,3,2020,Matchweek 3,Chelsea,3
1350,3,2020,Matchweek 3,Wolves,3
1351,3,2020,Matchweek 3,Man Utd,3
1352,3,2020,Matchweek 3,Newcastle,3
1353,3,2020,Matchweek 3,Aston Villa,3
1354,0,2020,Matchweek 3,Burnley,0
1355,0,2020,Matchweek 3,West Ham,0
1356,0,2020,Matchweek 3,Sheff Utd,0
1357,0,2020,Matchweek 3,Fulham,0
1358,0,2020,Matchweek 3,Southampton,0
1359,0,2020,Matchweek 3,West Brom,0
1360,9,2020,Matchweek 4,Leicester,9
1361,9,2020,Matchweek 4,Liverpool,9
1362,9,2020,Matchweek 4,Everton,9
1363,6,2020,Matchweek 4,Arsenal,6
1364,6,2020,Matchweek 4,Crystal Palace,6
1365,6,2020,Matchweek 4,Aston Villa,6
1366,6,2020,Matchweek 4,Leeds,6
1367,6,2020,Matchweek 4,Man City,6
1368,6,2020,Matchweek 4,Man Utd,6
1369,4,2020,Matchweek 4,Tottenham,4
1370,4,2020,Matchweek 4,Chelsea,4
1371,4,2020,Matchweek 4,Newcastle,4
1372,3,2020,Matchweek 4,West Ham,3
1373,3,2020,Matchweek 4,Brighton,3
1374,3,2020,Matchweek 4,Southampton,3
1375,3,2020,Matchweek 4,Wolves,3
1376,1,2020,Matchweek 4,West Brom,1
1377,0,2020,Matchweek 4,Burnley,0
1378,0,2020,Matchweek 4,Sheff Utd,0
1379,0,2020,Matchweek 4,Fulham,0
1380,12,2020,Matchweek 5,Everton,9
1381,9,2020,Matchweek 5,Aston Villa,9
1382,9,2020,Matchweek 5,Leicester,6
1383,9,2020,Matchweek 5,Arsenal,6
1384,9,2020,Matchweek 5,Liverpool,6
1385,7,2020,Matchweek 5,Tottenham,7
1386,7,2020,Matchweek 5,Chelsea,4
1387,7,2020,Matchweek 5,Leeds,7
1388,7,2020,Matchweek 5,Man City,4
1389,7,2020,Matchweek 5,Newcastle,4
1390,6,2020,Matchweek 5,West Ham,6
1391,6,2020,Matchweek 5,Southampton,6
1392,6,2020,Matchweek 5,Crystal Palace,3
1393,6,2020,Matchweek 5,Wolves,3
1394,6,2020,Matchweek 5,Man Utd,3
1395,3,2020,Matchweek 5,Brighton,3
1396,1,2020,Matchweek 5,West Brom,1
1397,0,2020,Matchweek 5,Sheff Utd,0
1398,0,2020,Matchweek 5,Burnley,0
1399,0,2020,Matchweek 5,Fulham,0
1400,13,2020,Matchweek 6,Everton,7
1401,12,2020,Matchweek 6,Aston Villa,9
1402,10,2020,Matchweek 6,Man City,4
1403,10,2020,Matchweek 6,Liverpool,4
1404,9,2020,Matchweek 6,Leicester,3
1405,9,2020,Matchweek 6,Arsenal,3
1406,9,2020,Matchweek 6,Man Utd,6
1407,9,2020,Matchweek 6,Wolves,6
1408,8,2020,Matchweek 6,Tottenham,5
1409,8,2020,Matchweek 6,Chelsea,5
1410,7,2020,Matchweek 6,West Ham,7
1411,7,2020,Matchweek 6,Leeds,4
1412,7,2020,Matchweek 6,Southampton,7
1413,7,2020,Matchweek 6,Newcastle,4
1414,7,2020,Matchweek 6,Crystal Palace,1
1415,4,2020,Matchweek 6,Brighton,1
1416,2,2020,Matchweek 6,West Brom,2
1417,1,2020,Matchweek 6,Sheff Utd,1
1418,1,2020,Matchweek 6,Burnley,1
1419,1,2020,Matchweek 6,Fulham,1
1420,13,2020,Matchweek 7,Everton,4
1421,13,2020,Matchweek 7,Liverpool,4
1422,12,2020,Matchweek 7,Leicester,3
1423,12,2020,Matchweek 7,Aston Villa,6
1424,11,2020,Matchweek 7,Tottenham,7
1425,11,2020,Matchweek 7,Man City,5
1426,10,2020,Matchweek 7,Leeds,4
1427,10,2020,Matchweek 7,Southampton,7
1428,10,2020,Matchweek 7,Crystal Palace,4
1429,10,2020,Matchweek 7,Man Utd,4
1430,10,2020,Matchweek 7,Wolves,7
1431,9,2020,Matchweek 7,Chelsea,5
1432,9,2020,Matchweek 7,Arsenal,3
1433,8,2020,Matchweek 7,West Ham,5
1434,8,2020,Matchweek 7,Newcastle,4
1435,5,2020,Matchweek 7,Brighton,2
1436,3,2020,Matchweek 7,West Brom,2
1437,1,2020,Matchweek 7,Sheff Utd,1
1438,1,2020,Matchweek 7,Burnley,1
1439,1,2020,Matchweek 7,Fulham,1
1440,16,2020,Matchweek 8,Liverpool,7
1441,15,2020,Matchweek 8,Leicester,6
1442,14,2020,Matchweek 8,Tottenham,7
1443,14,2020,Matchweek 8,Man City,7
1444,13,2020,Matchweek 8,Everton,1
1445,13,2020,Matchweek 8,Southampton,7
1446,13,2020,Matchweek 8,Wolves,7
1447,12,2020,Matchweek 8,Chelsea,5
1448,12,2020,Matchweek 8,Aston Villa,3
1449,12,2020,Matchweek 8,Arsenal,3
1450,11,2020,Matchweek 8,Newcastle,4
1451,10,2020,Matchweek 8,Leeds,3
1452,10,2020,Matchweek 8,Man Utd,4
1453,10,2020,Matchweek 8,Crystal Palace,4
1454,8,2020,Matchweek 8,West Ham,2
1455,5,2020,Matchweek 8,Brighton,2
1456,4,2020,Matchweek 8,Fulham,4
1457,3,2020,Matchweek 8,West Brom,2
1458,1,2020,Matchweek 8,Sheff Utd,1
1459,1,2020,Matchweek 8,Burnley,1
1460,18,2020,Matchweek 9,Leicester,9
1461,17,2020,Matchweek 9,Tottenham,9
1462,17,2020,Matchweek 9,Liverpool,7
1463,16,2020,Matchweek 9,Southampton,9
1464,15,2020,Matchweek 9,Chelsea,7
1465,15,2020,Matchweek 9,Aston Villa,3
1466,15,2020,Matchweek 9,Man City,5
1467,13,2020,Matchweek 9,Everton,0
1468,13,2020,Matchweek 9,Crystal Palace,6
1469,13,2020,Matchweek 9,Man Utd,4
1470,13,2020,Matchweek 9,Wolves,4
1471,12,2020,Matchweek 9,Arsenal,3
1472,11,2020,Matchweek 9,West Ham,4
1473,11,2020,Matchweek 9,Newcastle,4
1474,10,2020,Matchweek 9,Leeds,3
1475,6,2020,Matchweek 9,Brighton,2
1476,4,2020,Matchweek 9,Fulham,3
1477,3,2020,Matchweek 9,West Brom,1
1478,2,2020,Matchweek 9,Burnley,1
1479,1,2020,Matchweek 9,Sheff Utd,0
1480,20,2020,Matchweek 10,Tottenham,9
1481,20,2020,Matchweek 10,Liverpool,7
1482,18,2020,Matchweek 10,Chelsea,9
1483,18,2020,Matchweek 10,Leicester,6
1484,17,2020,Matchweek 10,Southampton,7
1485,16,2020,Matchweek 10,Everton,3
1486,16,2020,Matchweek 10,Man Utd,6
1487,15,2020,Matchweek 10,Aston Villa,3
1488,15,2020,Matchweek 10,Man City,4
1489,14,2020,Matchweek 10,West Ham,6
1490,14,2020,Matchweek 10,Wolves,4
1491,13,2020,Matchweek 10,Crystal Palace,3
1492,13,2020,Matchweek 10,Arsenal,4
1493,11,2020,Matchweek 10,Leeds,1
1494,11,2020,Matchweek 10,Newcastle,3
1495,9,2020,Matchweek 10,Brighton,4
1496,5,2020,Matchweek 10,Burnley,4
1497,4,2020,Matchweek 10,Fulham,3
1498,3,2020,Matchweek 10,West Brom,0
1499,1,2020,Matchweek 10,Sheff Utd,0
1500,21,2020,Matchweek 11,Tottenham,7
1501,21,2020,Matchweek 11,Liverpool,5
1502,19,2020,Matchweek 11,Chelsea,7
1503,19,2020,Matchweek 11,Man Utd,9
1504,18,2020,Matchweek 11,Man City,4
1505,18,2020,Matchweek 11,Leicester,3
1506,17,2020,Matchweek 11,West Ham,9
1507,17,2020,Matchweek 11,Southampton,4
1508,17,2020,Matchweek 11,Wolves,4
1509,16,2020,Matchweek 11,Everton,3
1510,15,2020,Matchweek 11,Aston Villa,3
1511,14,2020,Matchweek 11,Leeds,4
1512,14,2020,Matchweek 11,Newcastle,3
1513,13,2020,Matchweek 11,Arsenal,1
1514,13,2020,Matchweek 11,Crystal Palace,3
1515,10,2020,Matchweek 11,Brighton,5
1516,7,2020,Matchweek 11,Fulham,3
1517,6,2020,Matchweek 11,West Brom,3
1518,5,2020,Matchweek 11,Burnley,4
1519,1,2020,Matchweek 11,Sheff Utd,0
1520,24,2020,Matchweek 12,Tottenham,7
1521,24,2020,Matchweek 12,Liverpool,7
1522,22,2020,Matchweek 12,Chelsea,7
1523,22,2020,Matchweek 12,Man Utd,9
1524,21,2020,Matchweek 12,Man City,6
1525,21,2020,Matchweek 12,Leicester,3
1526,20,2020,Matchweek 12,Southampton,4
1527,18,2020,Matchweek 12,Aston Villa,3
1528,17,2020,Matchweek 12,West Ham,6
1529,17,2020,Matchweek 12,Everton,4
1530,17,2020,Matchweek 12,Wolves,4
1531,16,2020,Matchweek 12,Crystal Palace,3
1532,14,2020,Matchweek 12,Leeds,4
1533,14,2020,Matchweek 12,Newcastle,3
1534,13,2020,Matchweek 12,Arsenal,1
1535,10,2020,Matchweek 12,Brighton,4
1536,7,2020,Matchweek 12,Fulham,3
1537,6,2020,Matchweek 12,Burnley,4
1538,6,2020,Matchweek 12,West Brom,3
1539,1,2020,Matchweek 12,Sheff Utd,0
1540,25,2020,Matchweek 13,Tottenham,5
1541,25,2020,Matchweek 13,Liverpool,5
1542,24,2020,Matchweek 13,Leicester,6
1543,23,2020,Matchweek 13,Southampton,6
1544,23,2020,Matchweek 13,Man Utd,7
1545,22,2020,Matchweek 13,Chelsea,4
1546,22,2020,Matchweek 13,Man City,7
1547,21,2020,Matchweek 13,Aston Villa,6
1548,20,2020,Matchweek 13,West Ham,6
1549,20,2020,Matchweek 13,Everton,4
1550,17,2020,Matchweek 13,Crystal Palace,4
1551,17,2020,Matchweek 13,Newcastle,6
1552,17,2020,Matchweek 13,Wolves,3
1553,14,2020,Matchweek 13,Leeds,3
1554,13,2020,Matchweek 13,Arsenal,0
1555,10,2020,Matchweek 13,Brighton,1
1556,9,2020,Matchweek 13,Burnley,4
1557,8,2020,Matchweek 13,Fulham,4
1558,6,2020,Matchweek 13,West Brom,3
1559,1,2020,Matchweek 13,Sheff Utd,0
1560,28,2020,Matchweek 14,Liverpool,7
1561,26,2020,Matchweek 14,Man Utd,7
1562,25,2020,Matchweek 14,Tottenham,4
1563,24,2020,Matchweek 14,Southampton,7
1564,24,2020,Matchweek 14,Leicester,6
1565,23,2020,Matchweek 14,Man City,5
1566,23,2020,Matchweek 14,Everton,7
1567,22,2020,Matchweek 14,Chelsea,3
1568,22,2020,Matchweek 14,Aston Villa,7
1569,21,2020,Matchweek 14,West Ham,4
1570,20,2020,Matchweek 14,Wolves,3
1571,18,2020,Matchweek 14,Crystal Palace,5
1572,17,2020,Matchweek 14,Leeds,3
1573,17,2020,Matchweek 14,Newcastle,3
1574,14,2020,Matchweek 14,Arsenal,1
1575,11,2020,Matchweek 14,Brighton,1
1576,10,2020,Matchweek 14,Burnley,5
1577,9,2020,Matchweek 14,Fulham,2
1578,7,2020,Matchweek 14,West Brom,1
1579,1,2020,Matchweek 14,Sheff Utd,0
1580,31,2020,Matchweek 15,Liverpool,7
1581,29,2020,Matchweek 15,Man Utd,7
1582,27,2020,Matchweek 15,Leicester,6
1583,26,2020,Matchweek 15,Man City,5
1584,26,2020,Matchweek 15,Everton,9
1585,25,2020,Matchweek 15,Chelsea,3
1586,25,2020,Matchweek 15,Aston Villa,7
1587,25,2020,Matchweek 15,Tottenham,1
1588,24,2020,Matchweek 15,Southampton,4
1589,21,2020,Matchweek 15,West Ham,4
1590,20,2020,Matchweek 15,Wolves,3
1591,18,2020,Matchweek 15,Crystal Palace,2
1592,18,2020,Matchweek 15,Newcastle,4
1593,17,2020,Matchweek 15,Leeds,3
1594,14,2020,Matchweek 15,Arsenal,1
1595,13,2020,Matchweek 15,Burnley,7
1596,12,2020,Matchweek 15,Brighton,2
1597,10,2020,Matchweek 15,Fulham,3
1598,7,2020,Matchweek 15,West Brom,1
1599,2,2020,Matchweek 15,Sheff Utd,1
1600,32,2020,Matchweek 16,Liverpool,7
1601,30,2020,Matchweek 16,Man Utd,7
1602,29,2020,Matchweek 16,Man City,7
1603,29,2020,Matchweek 16,Everton,9
1604,28,2020,Matchweek 16,Aston Villa,7
1605,28,2020,Matchweek 16,Leicester,4
1606,26,2020,Matchweek 16,Tottenham,1
1607,25,2020,Matchweek 16,Chelsea,3
1608,25,2020,Matchweek 16,Southampton,2
1609,22,2020,Matchweek 16,West Ham,2
1610,21,2020,Matchweek 16,Wolves,4
1611,20,2020,Matchweek 16,Leeds,6
1612,18,2020,Matchweek 16,Crystal Palace,1
1613,18,2020,Matchweek 16,Newcastle,1
1614,17,2020,Matchweek 16,Arsenal,4
1615,13,2020,Matchweek 16,Brighton,3
1616,13,2020,Matchweek 16,Burnley,4
1617,11,2020,Matchweek 16,Fulham,3
1618,8,2020,Matchweek 16,West Brom,2
1619,2,2020,Matchweek 16,Sheff Utd,1
1620,33,2020,Matchweek 17,Liverpool,5
1621,33,2020,Matchweek 17,Man Utd,7
1622,32,2020,Matchweek 17,Man City,9
1623,29,2020,Matchweek 17,Aston Villa,7
1624,29,2020,Matchweek 17,Leicester,5
1625,29,2020,Matchweek 17,Everton,6
1626,27,2020,Matchweek 17,Tottenham,2
1627,26,2020,Matchweek 17,Chelsea,4
1628,26,2020,Matchweek 17,Southampton,2
1629,23,2020,Matchweek 17,West Ham,2
1630,23,2020,Matchweek 17,Leeds,6
1631,21,2020,Matchweek 17,Wolves,1
1632,20,2020,Matchweek 17,Arsenal,6
1633,19,2020,Matchweek 17,Crystal Palace,1
1634,19,2020,Matchweek 17,Newcastle,2
1635,16,2020,Matchweek 17,Burnley,6
1636,13,2020,Matchweek 17,Brighton,2
1637,12,2020,Matchweek 17,Fulham,3
1638,8,2020,Matchweek 17,West Brom,1
1639,2,2020,Matchweek 17,Sheff Utd,1
1640,36,2020,Matchweek 18,Man Utd,7
1641,35,2020,Matchweek 18,Man City,9
1642,33,2020,Matchweek 18,Liverpool,2
1643,32,2020,Matchweek 18,Leicester,5
1644,30,2020,Matchweek 18,Tottenham,5
1645,29,2020,Matchweek 18,Aston Villa,4
1646,29,2020,Matchweek 18,Southampton,5
1647,29,2020,Matchweek 18,Everton,3
1648,26,2020,Matchweek 18,Chelsea,1
1649,26,2020,Matchweek 18,West Ham,5
1650,23,2020,Matchweek 18,Arsenal,9
1651,23,2020,Matchweek 18,Leeds,6
1652,22,2020,Matchweek 18,Wolves,2
1653,22,2020,Matchweek 18,Crystal Palace,4
1654,19,2020,Matchweek 18,Newcastle,1
1655,17,2020,Matchweek 18,Burnley,4
1656,14,2020,Matchweek 18,Brighton,2
1657,13,2020,Matchweek 18,Fulham,3
1658,8,2020,Matchweek 18,West Brom,1
1659,2,2020,Matchweek 18,Sheff Utd,0
1660,39,2020,Matchweek 19,Man Utd,9
1661,38,2020,Matchweek 19,Man City,9
1662,35,2020,Matchweek 19,Leicester,7
1663,33,2020,Matchweek 19,Tottenham,7
1664,33,2020,Matchweek 19,Liverpool,1
1665,32,2020,Matchweek 19,Everton,3
1666,29,2020,Matchweek 19,Aston Villa,1
1667,29,2020,Matchweek 19,Southampton,4
1668,29,2020,Matchweek 19,West Ham,7
1669,26,2020,Matchweek 19,Chelsea,1
1670,26,2020,Matchweek 19,Leeds,6
1671,24,2020,Matchweek 19,Arsenal,7
1672,23,2020,Matchweek 19,Crystal Palace,5
1673,22,2020,Matchweek 19,Wolves,1
1674,20,2020,Matchweek 19,Burnley,7
1675,19,2020,Matchweek 19,Newcastle,1
1676,14,2020,Matchweek 19,Brighton,1
1677,13,2020,Matchweek 19,Fulham,2
1678,8,2020,Matchweek 19,West Brom,0
1679,5,2020,Matchweek 19,Sheff Utd,3
1680,41,2020,Matchweek 20,Man City,9
1681,40,2020,Matchweek 20,Man Utd,7
1682,38,2020,Matchweek 20,Leicester,9
1683,36,2020,Matchweek 20,Tottenham,9
1684,34,2020,Matchweek 20,Liverpool,1
1685,33,2020,Matchweek 20,Everton,4
1686,32,2020,Matchweek 20,West Ham,9
1687,30,2020,Matchweek 20,Aston Villa,1
1688,29,2020,Matchweek 20,Chelsea,3
1689,29,2020,Matchweek 20,Southampton,3
1690,27,2020,Matchweek 20,Arsenal,7
1691,26,2020,Matchweek 20,Leeds,3
1692,23,2020,Matchweek 20,Crystal Palace,4
1693,22,2020,Matchweek 20,Wolves,1
1694,20,2020,Matchweek 20,Burnley,4
1695,19,2020,Matchweek 20,Newcastle,0
1696,17,2020,Matchweek 20,Brighton,4
1697,13,2020,Matchweek 20,Fulham,1
1698,11,2020,Matchweek 20,West Brom,3
1699,5,2020,Matchweek 20,Sheff Utd,3
1700,44,2020,Matchweek 21,Man City,9
1701,40,2020,Matchweek 21,Man Utd,4
1702,39,2020,Matchweek 21,Leicester,7
1703,37,2020,Matchweek 21,Liverpool,4
1704,36,2020,Matchweek 21,Tottenham,6
1705,35,2020,Matchweek 21,West Ham,9
1706,34,2020,Matchweek 21,Everton,5
1707,30,2020,Matchweek 21,Aston Villa,1
1708,30,2020,Matchweek 21,Chelsea,4
1709,30,2020,Matchweek 21,Arsenal,7
1710,29,2020,Matchweek 21,Leeds,6
1711,29,2020,Matchweek 21,Southampton,0
1712,23,2020,Matchweek 21,Wolves,1
1713,23,2020,Matchweek 21,Burnley,6
1714,23,2020,Matchweek 21,Crystal Palace,1
1715,19,2020,Matchweek 21,Newcastle,0
1716,18,2020,Matchweek 21,Brighton,4
1717,14,2020,Matchweek 21,Fulham,1
1718,11,2020,Matchweek 21,West Brom,3
1719,8,2020,Matchweek 21,Sheff Utd,6
1720,47,2020,Matchweek 22,Man City,9
1721,41,2020,Matchweek 22,Man Utd,2
1722,40,2020,Matchweek 22,Liverpool,7
1723,39,2020,Matchweek 22,Leicester,4
1724,36,2020,Matchweek 22,Tottenham,3
1725,35,2020,Matchweek 22,West Ham,6
1726,34,2020,Matchweek 22,Everton,2
1727,33,2020,Matchweek 22,Chelsea,7
1728,33,2020,Matchweek 22,Aston Villa,4
1729,32,2020,Matchweek 22,Leeds,6
1730,31,2020,Matchweek 22,Arsenal,7
1731,29,2020,Matchweek 22,Southampton,0
1732,26,2020,Matchweek 22,Crystal Palace,3
1733,23,2020,Matchweek 22,Wolves,1
1734,23,2020,Matchweek 22,Burnley,3
1735,22,2020,Matchweek 22,Newcastle,3
1736,21,2020,Matchweek 22,Brighton,7
1737,15,2020,Matchweek 22,Fulham,2
1738,12,2020,Matchweek 22,West Brom,4
1739,8,2020,Matchweek 22,Sheff Utd,3
1740,50,2020,Matchweek 23,Man City,9
1741,44,2020,Matchweek 23,Man Utd,4
1742,42,2020,Matchweek 23,Leicester,4
1743,40,2020,Matchweek 23,Liverpool,6
1744,38,2020,Matchweek 23,West Ham,6
1745,37,2020,Matchweek 23,Everton,4
1746,36,2020,Matchweek 23,Tottenham,0
1747,36,2020,Matchweek 23,Chelsea,7
1748,33,2020,Matchweek 23,Aston Villa,3
1749,32,2020,Matchweek 23,Leeds,6
1750,31,2020,Matchweek 23,Arsenal,4
1751,29,2020,Matchweek 23,Crystal Palace,6
1752,29,2020,Matchweek 23,Southampton,0
1753,26,2020,Matchweek 23,Wolves,4
1754,24,2020,Matchweek 23,Brighton,7
1755,23,2020,Matchweek 23,Burnley,3
1756,22,2020,Matchweek 23,Newcastle,3
1757,15,2020,Matchweek 23,Fulham,2
1758,12,2020,Matchweek 23,West Brom,1
1759,11,2020,Matchweek 23,Sheff Utd,6
1760,53,2020,Matchweek 24,Man City,9
1761,45,2020,Matchweek 24,Man Utd,5
1762,43,2020,Matchweek 24,Leicester,4
1763,40,2020,Matchweek 24,Liverpool,3
1764,39,2020,Matchweek 24,Tottenham,3
1765,39,2020,Matchweek 24,Chelsea,9
1766,39,2020,Matchweek 24,West Ham,4
1767,38,2020,Matchweek 24,Everton,4
1768,36,2020,Matchweek 24,Aston Villa,6
1769,35,2020,Matchweek 24,Leeds,6
1770,31,2020,Matchweek 24,Arsenal,1
1771,29,2020,Matchweek 24,Southampton,0
1772,29,2020,Matchweek 24,Crystal Palace,6
1773,27,2020,Matchweek 24,Wolves,4
1774,25,2020,Matchweek 24,Brighton,7
1775,25,2020,Matchweek 24,Newcastle,6
1776,24,2020,Matchweek 24,Burnley,1
1777,16,2020,Matchweek 24,Fulham,2
1778,12,2020,Matchweek 24,West Brom,1
1779,11,2020,Matchweek 24,Sheff Utd,3
1780,56,2020,Matchweek 25,Man City,9
1781,46,2020,Matchweek 25,Man Utd,5
1782,46,2020,Matchweek 25,Leicester,7
1783,42,2020,Matchweek 25,Chelsea,9
1784,42,2020,Matchweek 25,West Ham,7
1785,40,2020,Matchweek 25,Liverpool,0
1786,39,2020,Matchweek 25,Tottenham,3
1787,38,2020,Matchweek 25,Everton,4
1788,37,2020,Matchweek 25,Aston Villa,4
1789,35,2020,Matchweek 25,Leeds,3
1790,34,2020,Matchweek 25,Arsenal,3
1791,30,2020,Matchweek 25,Wolves,7
1792,29,2020,Matchweek 25,Southampton,0
1793,29,2020,Matchweek 25,Crystal Palace,3
1794,27,2020,Matchweek 25,Burnley,4
1795,26,2020,Matchweek 25,Brighton,5
1796,25,2020,Matchweek 25,Newcastle,3
1797,19,2020,Matchweek 25,Fulham,4
1798,13,2020,Matchweek 25,West Brom,1
1799,11,2020,Matchweek 25,Sheff Utd,3
1800,59,2020,Matchweek 26,Man City,9
1801,49,2020,Matchweek 26,Man Utd,5
1802,49,2020,Matchweek 26,Leicester,7
1803,45,2020,Matchweek 26,West Ham,7
1804,43,2020,Matchweek 26,Chelsea,7
1805,41,2020,Matchweek 26,Everton,4
1806,40,2020,Matchweek 26,Liverpool,0
1807,39,2020,Matchweek 26,Tottenham,3
1808,37,2020,Matchweek 26,Aston Villa,4
1809,35,2020,Matchweek 26,Leeds,3
1810,34,2020,Matchweek 26,Arsenal,3
1811,33,2020,Matchweek 26,Wolves,7
1812,32,2020,Matchweek 26,Crystal Palace,3
1813,30,2020,Matchweek 26,Southampton,1
1814,28,2020,Matchweek 26,Burnley,5
1815,26,2020,Matchweek 26,Brighton,2
1816,25,2020,Matchweek 26,Newcastle,3
1817,22,2020,Matchweek 26,Fulham,7
1818,14,2020,Matchweek 26,West Brom,2
1819,11,2020,Matchweek 26,Sheff Utd,0
1820,62,2020,Matchweek 27,Man City,9
1821,50,2020,Matchweek 27,Man Utd,5
1822,49,2020,Matchweek 27,Leicester,6
1823,45,2020,Matchweek 27,West Ham,6
1824,44,2020,Matchweek 27,Chelsea,5
1825,44,2020,Matchweek 27,Everton,6
1826,43,2020,Matchweek 27,Liverpool,3
1827,42,2020,Matchweek 27,Tottenham,3
1828,40,2020,Matchweek 27,Aston Villa,4
1829,37,2020,Matchweek 27,Arsenal,6
1830,35,2020,Matchweek 27,Leeds,0
1831,34,2020,Matchweek 27,Wolves,7
1832,33,2020,Matchweek 27,Crystal Palace,4
1833,30,2020,Matchweek 27,Southampton,1
1834,28,2020,Matchweek 27,Burnley,4
1835,26,2020,Matchweek 27,Brighton,1
1836,26,2020,Matchweek 27,Newcastle,1
1837,23,2020,Matchweek 27,Fulham,7
1838,17,2020,Matchweek 27,West Brom,5
1839,11,2020,Matchweek 27,Sheff Utd,0
1840,62,2020,Matchweek 28,Man City,6
1841,53,2020,Matchweek 28,Man Utd,7
1842,52,2020,Matchweek 28,Leicester,6
1843,48,2020,Matchweek 28,West Ham,6
1844,47,2020,Matchweek 28,Chelsea,5
1845,45,2020,Matchweek 28,Tottenham,6
1846,44,2020,Matchweek 28,Everton,6
1847,43,2020,Matchweek 28,Liverpool,3
1848,41,2020,Matchweek 28,Aston Villa,4
1849,38,2020,Matchweek 28,Arsenal,4
1850,35,2020,Matchweek 28,Leeds,0
1851,35,2020,Matchweek 28,Wolves,5
1852,33,2020,Matchweek 28,Southampton,4
1853,33,2020,Matchweek 28,Crystal Palace,4
1854,29,2020,Matchweek 28,Burnley,2
1855,27,2020,Matchweek 28,Newcastle,2
1856,26,2020,Matchweek 28,Brighton,0
1857,26,2020,Matchweek 28,Fulham,7
1858,18,2020,Matchweek 28,West Brom,5
1859,11,2020,Matchweek 28,Sheff Utd,0
1860,65,2020,Matchweek 29,Man City,6
1861,56,2020,Matchweek 29,Man Utd,7
1862,55,2020,Matchweek 29,Leicester,6
1863,48,2020,Matchweek 29,Chelsea,5
1864,48,2020,Matchweek 29,West Ham,3
1865,46,2020,Matchweek 29,Liverpool,6
1866,45,2020,Matchweek 29,Tottenham,6
1867,44,2020,Matchweek 29,Everton,3
1868,42,2020,Matchweek 29,Aston Villa,5
1869,41,2020,Matchweek 29,Arsenal,7
1870,36,2020,Matchweek 29,Leeds,1
1871,36,2020,Matchweek 29,Crystal Palace,4
1872,35,2020,Matchweek 29,Wolves,2
1873,33,2020,Matchweek 29,Southampton,3
1874,32,2020,Matchweek 29,Burnley,4
1875,29,2020,Matchweek 29,Brighton,3
1876,28,2020,Matchweek 29,Newcastle,3
1877,26,2020,Matchweek 29,Fulham,4
1878,18,2020,Matchweek 29,West Brom,4
1879,11,2020,Matchweek 29,Sheff Utd,0
1880,68,2020,Matchweek 30,Man City,6
1881,57,2020,Matchweek 30,Man Utd,7
1882,56,2020,Matchweek 30,Leicester,7
1883,51,2020,Matchweek 30,Chelsea,7
1884,49,2020,Matchweek 30,West Ham,4
1885,48,2020,Matchweek 30,Tottenham,6
1886,47,2020,Matchweek 30,Everton,3
1887,46,2020,Matchweek 30,Liverpool,3
1888,42,2020,Matchweek 30,Aston Villa,2
1889,42,2020,Matchweek 30,Arsenal,5
1890,39,2020,Matchweek 30,Leeds,4
1891,37,2020,Matchweek 30,Crystal Palace,4
1892,35,2020,Matchweek 30,Wolves,1
1893,33,2020,Matchweek 30,Southampton,3
1894,33,2020,Matchweek 30,Burnley,5
1895,32,2020,Matchweek 30,Brighton,6
1896,28,2020,Matchweek 30,Newcastle,2
1897,26,2020,Matchweek 30,Fulham,3
1898,18,2020,Matchweek 30,West Brom,1
1899,14,2020,Matchweek 30,Sheff Utd,3
1900,71,2020,Matchweek 31,Man City,9
1901,60,2020,Matchweek 31,Man Utd,7
1902,56,2020,Matchweek 31,Leicester,4
1903,52,2020,Matchweek 31,West Ham,4
1904,51,2020,Matchweek 31,Chelsea,4
1905,49,2020,Matchweek 31,Tottenham,4
1906,49,2020,Matchweek 31,Liverpool,6
1907,48,2020,Matchweek 31,Everton,4
1908,45,2020,Matchweek 31,Aston Villa,4
1909,42,2020,Matchweek 31,Arsenal,4
1910,42,2020,Matchweek 31,Leeds,7
1911,38,2020,Matchweek 31,Crystal Palace,5
1912,36,2020,Matchweek 31,Southampton,3
1913,35,2020,Matchweek 31,Wolves,0
1914,33,2020,Matchweek 31,Burnley,4
1915,32,2020,Matchweek 31,Brighton,6
1916,29,2020,Matchweek 31,Newcastle,2
1917,26,2020,Matchweek 31,Fulham,0
1918,21,2020,Matchweek 31,West Brom,3
1919,14,2020,Matchweek 31,Sheff Utd,3
1920,71,2020,Matchweek 32,Man City,6
1921,63,2020,Matchweek 32,Man Utd,7
1922,56,2020,Matchweek 32,Leicester,1
1923,55,2020,Matchweek 32,West Ham,7
1924,54,2020,Matchweek 32,Chelsea,6
1925,52,2020,Matchweek 32,Liverpool,6
1926,49,2020,Matchweek 32,Tottenham,4
1927,49,2020,Matchweek 32,Everton,5
1928,45,2020,Matchweek 32,Aston Villa,3
1929,45,2020,Matchweek 32,Arsenal,4
1930,45,2020,Matchweek 32,Leeds,9
1931,38,2020,Matchweek 32,Wolves,3
1932,38,2020,Matchweek 32,Crystal Palace,2
1933,36,2020,Matchweek 32,Southampton,3
1934,33,2020,Matchweek 32,Brighton,4
1935,33,2020,Matchweek 32,Burnley,1
1936,32,2020,Matchweek 32,Newcastle,4
1937,26,2020,Matchweek 32,Fulham,0
1938,24,2020,Matchweek 32,West Brom,6
1939,14,2020,Matchweek 32,Sheff Utd,3
1940,74,2020,Matchweek 33,Man City,6
1941,66,2020,Matchweek 33,Man Utd,9
1942,59,2020,Matchweek 33,Leicester,3
1943,55,2020,Matchweek 33,Chelsea,4
1944,55,2020,Matchweek 33,West Ham,6
1945,53,2020,Matchweek 33,Liverpool,7
1946,50,2020,Matchweek 33,Tottenham,2
1947,50,2020,Matchweek 33,Everton,3
1948,46,2020,Matchweek 33,Arsenal,4
1949,46,2020,Matchweek 33,Leeds,7
1950,45,2020,Matchweek 33,Aston Villa,3
1951,41,2020,Matchweek 33,Wolves,6
1952,39,2020,Matchweek 33,Southampton,6
1953,38,2020,Matchweek 33,Crystal Palace,1
1954,35,2020,Matchweek 33,Newcastle,7
1955,34,2020,Matchweek 33,Brighton,2
1956,33,2020,Matchweek 33,Burnley,0
1957,27,2020,Matchweek 33,Fulham,1
1958,24,2020,Matchweek 33,West Brom,6
1959,14,2020,Matchweek 33,Sheff Utd,0
1960,77,2020,Matchweek 34,Man City,6
1961,67,2020,Matchweek 34,Man Utd,7
1962,62,2020,Matchweek 34,Leicester,6
1963,58,2020,Matchweek 34,Chelsea,7
1964,55,2020,Matchweek 34,West Ham,3
1965,54,2020,Matchweek 34,Liverpool,5
1966,53,2020,Matchweek 34,Tottenham,4
1967,53,2020,Matchweek 34,Everton,5
1968,47,2020,Matchweek 34,Leeds,5
1969,46,2020,Matchweek 34,Aston Villa,1
1970,46,2020,Matchweek 34,Arsenal,4
1971,41,2020,Matchweek 34,Wolves,6
1972,39,2020,Matchweek 34,Southampton,3
1973,38,2020,Matchweek 34,Crystal Palace,0
1974,36,2020,Matchweek 34,Burnley,3
1975,36,2020,Matchweek 34,Newcastle,7
1976,34,2020,Matchweek 34,Brighton,2
1977,27,2020,Matchweek 34,Fulham,1
1978,25,2020,Matchweek 34,West Brom,4
1979,17,2020,Matchweek 34,Sheff Utd,3
1980,80,2020,Matchweek 35,Man City,9
1981,67,2020,Matchweek 35,Man Utd,4
1982,63,2020,Matchweek 35,Leicester,7
1983,61,2020,Matchweek 35,Chelsea,7
1984,58,2020,Matchweek 35,West Ham,3
1985,57,2020,Matchweek 35,Liverpool,5
1986,56,2020,Matchweek 35,Tottenham,7
1987,53,2020,Matchweek 35,Everton,4
1988,49,2020,Matchweek 35,Aston Villa,4
1989,49,2020,Matchweek 35,Arsenal,4
1990,47,2020,Matchweek 35,Leeds,2
1991,42,2020,Matchweek 35,Wolves,4
1992,40,2020,Matchweek 35,Southampton,4
1993,38,2020,Matchweek 35,Crystal Palace,0
1994,37,2020,Matchweek 35,Brighton,4
1995,36,2020,Matchweek 35,Burnley,3
1996,36,2020,Matchweek 35,Newcastle,4
1997,27,2020,Matchweek 35,Fulham,1
1998,26,2020,Matchweek 35,West Brom,2
1999,17,2020,Matchweek 35,Sheff Utd,3
2000,80,2020,Matchweek 36,Man City,6
2001,70,2020,Matchweek 36,Man Utd,4
2002,64,2020,Matchweek 36,Chelsea,9
2003,63,2020,Matchweek 36,Leicester,4
2004,60,2020,Matchweek 36,Liverpool,7
2005,58,2020,Matchweek 36,West Ham,3
2006,56,2020,Matchweek 36,Tottenham,6
2007,56,2020,Matchweek 36,Everton,6
2008,52,2020,Matchweek 36,Arsenal,6
2009,50,2020,Matchweek 36,Leeds,4
2010,49,2020,Matchweek 36,Aston Villa,4
2011,45,2020,Matchweek 36,Wolves,4
2012,41,2020,Matchweek 36,Crystal Palace,3
2013,40,2020,Matchweek 36,Southampton,1
2014,39,2020,Matchweek 36,Burnley,6
2015,39,2020,Matchweek 36,Newcastle,4
2016,37,2020,Matchweek 36,Brighton,3
2017,27,2020,Matchweek 36,Fulham,0
2018,26,2020,Matchweek 36,West Brom,2
2019,17,2020,Matchweek 36,Sheff Utd,3
2020,83,2020,Matchweek 37,Man City,6
2021,70,2020,Matchweek 37,Man Utd,3
2022,66,2020,Matchweek 37,Leicester,4
2023,64,2020,Matchweek 37,Chelsea,6
2024,63,2020,Matchweek 37,Liverpool,9
2025,59,2020,Matchweek 37,Tottenham,6
2026,59,2020,Matchweek 37,West Ham,4
2027,56,2020,Matchweek 37,Everton,3
2028,55,2020,Matchweek 37,Arsenal,9
2029,53,2020,Matchweek 37,Leeds,6
2030,49,2020,Matchweek 37,Aston Villa,3
2031,45,2020,Matchweek 37,Wolves,4
2032,44,2020,Matchweek 37,Crystal Palace,6
2033,43,2020,Matchweek 37,Southampton,4
2034,39,2020,Matchweek 37,Burnley,3
2035,39,2020,Matchweek 37,Newcastle,3
2036,38,2020,Matchweek 37,Brighton,4
2037,27,2020,Matchweek 37,Fulham,0
2038,26,2020,Matchweek 37,West Brom,1
2039,20,2020,Matchweek 37,Sheff Utd,3
2040,83,2020,Matchweek 38,Man City,3
2041,71,2020,Matchweek 38,Man Utd,4
2042,67,2020,Matchweek 38,Chelsea,6
2043,66,2020,Matchweek 38,Liverpool,9
2044,66,2020,Matchweek 38,Leicester,3
2045,62,2020,Matchweek 38,West Ham,4
2046,59,2020,Matchweek 38,Tottenham,3
2047,59,2020,Matchweek 38,Everton,6
2048,58,2020,Matchweek 38,Arsenal,9
2049,56,2020,Matchweek 38,Leeds,9
2050,52,2020,Matchweek 38,Aston Villa,3
2051,45,2020,Matchweek 38,Wolves,3
2052,44,2020,Matchweek 38,Crystal Palace,6
2053,43,2020,Matchweek 38,Southampton,3
2054,42,2020,Matchweek 38,Newcastle,6
2055,41,2020,Matchweek 38,Brighton,4
2056,39,2020,Matchweek 38,Burnley,3
2057,28,2020,Matchweek 38,Fulham,1
2058,26,2020,Matchweek 38,West Brom,0
2059,20,2020,Matchweek 38,Sheff Utd,3
2060,86,2020,Matchweek 39,Man City,6
2061,74,2020,Matchweek 39,Man Utd,4
2062,69,2020,Matchweek 39,Liverpool,9
2063,67,2020,Matchweek 39,Chelsea,3
2064,66,2020,Matchweek 39,Leicester,3
2065,65,2020,Matchweek 39,West Ham,7
2066,62,2020,Matchweek 39,Tottenham,6
2067,61,2020,Matchweek 39,Arsenal,9
2068,59,2020,Matchweek 39,Leeds,9
2069,59,2020,Matchweek 39,Everton,3
2070,55,2020,Matchweek 39,Aston Villa,6
2071,45,2020,Matchweek 39,Newcastle,6
2072,45,2020,Matchweek 39,Wolves,0
2073,44,2020,Matchweek 39,Crystal Palace,3
2074,43,2020,Matchweek 39,Southampton,3
2075,41,2020,Matchweek 39,Brighton,4
2076,39,2020,Matchweek 39,Burnley,0
2077,28,2020,Matchweek 39,Fulham,1
2078,26,2020,Matchweek 39,West Brom,0
2079,23,2020,Matchweek 39,Sheff Utd,6
